/*
Navicat MySQL Data Transfer

Source Server         : mysql5.7
Source Server Version : 50724
Source Host           : localhost:3306
Source Database       : febs_security

Target Server Type    : MYSQL
Target Server Version : 50724
File Encoding         : 65001

Date: 2019-01-02 23:19:17
*/

SET FOREIGN_KEY_CHECKS=0;

-- ----------------------------
-- Table structure for clazz
-- ----------------------------
DROP TABLE IF EXISTS `clazz`;
CREATE TABLE `clazz` (
  `id` bigint(20) NOT NULL AUTO_INCREMENT,
  `clazz_name` varchar(255) DEFAULT NULL,
  `x_id` bigint(20) DEFAULT NULL,
  `img_url` varchar(255) DEFAULT NULL,
  PRIMARY KEY (`id`)
) ENGINE=InnoDB AUTO_INCREMENT=11 DEFAULT CHARSET=utf8;

-- ----------------------------
-- Records of clazz
-- ----------------------------
INSERT INTO `clazz` VALUES ('8', '4234', '5', '23423');
INSERT INTO `clazz` VALUES ('9', '234', '4', '342');
INSERT INTO `clazz` VALUES ('10', '123', '4', '123');

-- ----------------------------
-- Table structure for course
-- ----------------------------
DROP TABLE IF EXISTS `course`;
CREATE TABLE `course` (
  `id` bigint(20) NOT NULL AUTO_INCREMENT,
  `course_name` varchar(255) DEFAULT NULL,
  `x_id` varchar(255) DEFAULT NULL,
  `img_url` varchar(255) DEFAULT NULL,
  `status` int(11) DEFAULT '1',
  `PARENT_ID` bigint(20) DEFAULT '0',
  PRIMARY KEY (`id`)
) ENGINE=InnoDB AUTO_INCREMENT=7 DEFAULT CHARSET=utf8;

-- ----------------------------
-- Records of course
-- ----------------------------
INSERT INTO `course` VALUES ('5', '跨平台HTML5实战', null, '', null, null);
INSERT INTO `course` VALUES ('6', 'HIGHCHARTS 图表', null, '', null, null);

-- ----------------------------
-- Table structure for home_word
-- ----------------------------
DROP TABLE IF EXISTS `home_word`;
CREATE TABLE `home_word` (
  `id` bigint(20) NOT NULL AUTO_INCREMENT,
  `home_word_name` varchar(255) DEFAULT NULL,
  `re` varchar(255) DEFAULT NULL,
  `ti` varchar(255) DEFAULT NULL,
  `zi` varchar(255) DEFAULT NULL,
  `course_id` bigint(20) DEFAULT NULL,
  PRIMARY KEY (`id`)
) ENGINE=InnoDB AUTO_INCREMENT=20 DEFAULT CHARSET=utf8;

-- ----------------------------
-- Records of home_word
-- ----------------------------
INSERT INTO `home_word` VALUES ('19', '包含标注-实现资料的效果', '使用Highcharts.js', '提交效果url', 'https://jshare.com.cn/demos/Vr5sqf/share/pure', '7');

-- ----------------------------
-- Table structure for home_word_dept
-- ----------------------------
DROP TABLE IF EXISTS `home_word_dept`;
CREATE TABLE `home_word_dept` (
  `id` bigint(20) NOT NULL AUTO_INCREMENT,
  `dept_id` varchar(255) DEFAULT NULL,
  `home_word_id` varchar(255) DEFAULT NULL,
  PRIMARY KEY (`id`)
) ENGINE=InnoDB AUTO_INCREMENT=32 DEFAULT CHARSET=utf8;

-- ----------------------------
-- Records of home_word_dept
-- ----------------------------
INSERT INTO `home_word_dept` VALUES ('28', '9', '19');
INSERT INTO `home_word_dept` VALUES ('29', '10', '19');
INSERT INTO `home_word_dept` VALUES ('30', '11', '19');
INSERT INTO `home_word_dept` VALUES ('31', '8', '19');

-- ----------------------------
-- Table structure for my_home_word
-- ----------------------------
DROP TABLE IF EXISTS `my_home_word`;
CREATE TABLE `my_home_word` (
  `id` bigint(20) NOT NULL AUTO_INCREMENT,
  `home_word_id` bigint(20) DEFAULT NULL COMMENT '作业id',
  `home_word_url` varchar(255) DEFAULT NULL COMMENT '代码或图片url',
  `home_word_mark` varchar(255) DEFAULT NULL COMMENT '备注',
  `home_word_status` varchar(255) DEFAULT NULL COMMENT '状态:0?1',
  `home_word_feng` varchar(255) DEFAULT NULL,
  `home_word_ping` varchar(255) DEFAULT NULL,
  `user_id` bigint(20) DEFAULT NULL,
  `home_word_img` varchar(255) DEFAULT NULL,
  PRIMARY KEY (`id`)
) ENGINE=InnoDB AUTO_INCREMENT=8 DEFAULT CHARSET=utf8;

-- ----------------------------
-- Records of my_home_word
-- ----------------------------
INSERT INTO `my_home_word` VALUES ('5', '16', '1231', '1231', '', '11', '11', '1', '123');
INSERT INTO `my_home_word` VALUES ('6', '18', 'https://jshare.com.cn/temp/dVND1y/share/pure', '', '', '86', 'good!', '1', '');
INSERT INTO `my_home_word` VALUES ('7', '19', 'https://jshare.com.cn/demos/Vr5sqf/share/pure', '老子真帅', '', '100', 'ok', '1', '');

-- ----------------------------
-- Table structure for persistent_logins
-- ----------------------------
DROP TABLE IF EXISTS `persistent_logins`;
CREATE TABLE `persistent_logins` (
  `username` varchar(64) NOT NULL,
  `series` varchar(64) NOT NULL,
  `token` varchar(64) NOT NULL,
  `last_used` timestamp NOT NULL DEFAULT CURRENT_TIMESTAMP ON UPDATE CURRENT_TIMESTAMP,
  PRIMARY KEY (`series`)
) ENGINE=InnoDB DEFAULT CHARSET=utf8;

-- ----------------------------
-- Records of persistent_logins
-- ----------------------------

-- ----------------------------
-- Table structure for point
-- ----------------------------
DROP TABLE IF EXISTS `point`;
CREATE TABLE `point` (
  `point_id` bigint(20) NOT NULL AUTO_INCREMENT,
  `point_name` varchar(255) DEFAULT NULL,
  `PARENT_ID` bigint(20) DEFAULT NULL,
  `status` bigint(20) DEFAULT NULL,
  `level` bigint(255) DEFAULT NULL,
  `remark` varchar(255) DEFAULT NULL,
  PRIMARY KEY (`point_id`)
) ENGINE=InnoDB AUTO_INCREMENT=8 DEFAULT CHARSET=utf8;

-- ----------------------------
-- Records of point
-- ----------------------------
INSERT INTO `point` VALUES ('7', 'Highcharts 演示', '0', '0', '6', '包含标注');

-- ----------------------------
-- Table structure for qrtz_blob_triggers
-- ----------------------------
DROP TABLE IF EXISTS `qrtz_blob_triggers`;
CREATE TABLE `qrtz_blob_triggers` (
  `SCHED_NAME` varchar(120) NOT NULL,
  `TRIGGER_NAME` varchar(200) NOT NULL,
  `TRIGGER_GROUP` varchar(200) NOT NULL,
  `BLOB_DATA` blob,
  PRIMARY KEY (`SCHED_NAME`,`TRIGGER_NAME`,`TRIGGER_GROUP`),
  CONSTRAINT `qrtz_blob_triggers_ibfk_1` FOREIGN KEY (`SCHED_NAME`, `TRIGGER_NAME`, `TRIGGER_GROUP`) REFERENCES `qrtz_triggers` (`SCHED_NAME`, `TRIGGER_NAME`, `TRIGGER_GROUP`)
) ENGINE=InnoDB DEFAULT CHARSET=utf8;

-- ----------------------------
-- Records of qrtz_blob_triggers
-- ----------------------------

-- ----------------------------
-- Table structure for qrtz_calendars
-- ----------------------------
DROP TABLE IF EXISTS `qrtz_calendars`;
CREATE TABLE `qrtz_calendars` (
  `SCHED_NAME` varchar(120) NOT NULL,
  `CALENDAR_NAME` varchar(200) NOT NULL,
  `CALENDAR` blob NOT NULL,
  PRIMARY KEY (`SCHED_NAME`,`CALENDAR_NAME`)
) ENGINE=InnoDB DEFAULT CHARSET=utf8;

-- ----------------------------
-- Records of qrtz_calendars
-- ----------------------------

-- ----------------------------
-- Table structure for qrtz_cron_triggers
-- ----------------------------
DROP TABLE IF EXISTS `qrtz_cron_triggers`;
CREATE TABLE `qrtz_cron_triggers` (
  `SCHED_NAME` varchar(120) NOT NULL,
  `TRIGGER_NAME` varchar(200) NOT NULL,
  `TRIGGER_GROUP` varchar(200) NOT NULL,
  `CRON_EXPRESSION` varchar(200) NOT NULL,
  `TIME_ZONE_ID` varchar(80) DEFAULT NULL,
  PRIMARY KEY (`SCHED_NAME`,`TRIGGER_NAME`,`TRIGGER_GROUP`),
  CONSTRAINT `qrtz_cron_triggers_ibfk_1` FOREIGN KEY (`SCHED_NAME`, `TRIGGER_NAME`, `TRIGGER_GROUP`) REFERENCES `qrtz_triggers` (`SCHED_NAME`, `TRIGGER_NAME`, `TRIGGER_GROUP`)
) ENGINE=InnoDB DEFAULT CHARSET=utf8;

-- ----------------------------
-- Records of qrtz_cron_triggers
-- ----------------------------
INSERT INTO `qrtz_cron_triggers` VALUES ('MyScheduler', 'TASK_1', 'DEFAULT', '0/1 * * * * ?', 'Asia/Shanghai');
INSERT INTO `qrtz_cron_triggers` VALUES ('MyScheduler', 'TASK_11', 'DEFAULT', '0/5 * * * * ?', 'Asia/Shanghai');
INSERT INTO `qrtz_cron_triggers` VALUES ('MyScheduler', 'TASK_2', 'DEFAULT', '0/10 * * * * ?', 'Asia/Shanghai');
INSERT INTO `qrtz_cron_triggers` VALUES ('MyScheduler', 'TASK_3', 'DEFAULT', '0/1 * * * * ?', 'Asia/Shanghai');

-- ----------------------------
-- Table structure for qrtz_fired_triggers
-- ----------------------------
DROP TABLE IF EXISTS `qrtz_fired_triggers`;
CREATE TABLE `qrtz_fired_triggers` (
  `SCHED_NAME` varchar(120) NOT NULL,
  `ENTRY_ID` varchar(95) NOT NULL,
  `TRIGGER_NAME` varchar(200) NOT NULL,
  `TRIGGER_GROUP` varchar(200) NOT NULL,
  `INSTANCE_NAME` varchar(200) NOT NULL,
  `FIRED_TIME` bigint(13) NOT NULL,
  `SCHED_TIME` bigint(13) NOT NULL,
  `PRIORITY` int(11) NOT NULL,
  `STATE` varchar(16) NOT NULL,
  `JOB_NAME` varchar(200) DEFAULT NULL,
  `JOB_GROUP` varchar(200) DEFAULT NULL,
  `IS_NONCONCURRENT` varchar(1) DEFAULT NULL,
  `REQUESTS_RECOVERY` varchar(1) DEFAULT NULL,
  PRIMARY KEY (`SCHED_NAME`,`ENTRY_ID`)
) ENGINE=InnoDB DEFAULT CHARSET=utf8;

-- ----------------------------
-- Records of qrtz_fired_triggers
-- ----------------------------

-- ----------------------------
-- Table structure for qrtz_job_details
-- ----------------------------
DROP TABLE IF EXISTS `qrtz_job_details`;
CREATE TABLE `qrtz_job_details` (
  `SCHED_NAME` varchar(120) NOT NULL,
  `JOB_NAME` varchar(200) NOT NULL,
  `JOB_GROUP` varchar(200) NOT NULL,
  `DESCRIPTION` varchar(250) DEFAULT NULL,
  `JOB_CLASS_NAME` varchar(250) NOT NULL,
  `IS_DURABLE` varchar(1) NOT NULL,
  `IS_NONCONCURRENT` varchar(1) NOT NULL,
  `IS_UPDATE_DATA` varchar(1) NOT NULL,
  `REQUESTS_RECOVERY` varchar(1) NOT NULL,
  `JOB_DATA` blob,
  PRIMARY KEY (`SCHED_NAME`,`JOB_NAME`,`JOB_GROUP`)
) ENGINE=InnoDB DEFAULT CHARSET=utf8;

-- ----------------------------
-- Records of qrtz_job_details
-- ----------------------------
INSERT INTO `qrtz_job_details` VALUES ('MyScheduler', 'TASK_1', 'DEFAULT', null, 'cc.mrbird.quartz.util.ScheduleJob', '0', '0', '0', '0', 0xACED0005737200156F72672E71756172747A2E4A6F62446174614D61709FB083E8BFA9B0CB020000787200266F72672E71756172747A2E7574696C732E537472696E674B65794469727479466C61674D61708208E8C3FBC55D280200015A0013616C6C6F77735472616E7369656E74446174617872001D6F72672E71756172747A2E7574696C732E4469727479466C61674D617013E62EAD28760ACE0200025A000564697274794C00036D617074000F4C6A6176612F7574696C2F4D61703B787001737200116A6176612E7574696C2E486173684D61700507DAC1C31660D103000246000A6C6F6164466163746F724900097468726573686F6C6478703F4000000000000C7708000000100000000174000D4A4F425F504152414D5F4B45597372001B63632E6D72626972642E71756172747A2E646F6D61696E2E4A6F62058D52AC1093A3040200084C00086265616E4E616D657400124C6A6176612F6C616E672F537472696E673B4C000A63726561746554696D657400104C6A6176612F7574696C2F446174653B4C000E63726F6E45787072657373696F6E71007E00094C00056A6F6249647400104C6A6176612F6C616E672F4C6F6E673B4C000A6D6574686F644E616D6571007E00094C0006706172616D7371007E00094C000672656D61726B71007E00094C000673746174757371007E00097870740008746573745461736B7372000E6A6176612E7574696C2E44617465686A81014B5974190300007870770800000161C6EB70707874000D302F31202A202A202A202A203F7372000E6A6176612E6C616E672E4C6F6E673B8BE490CC8F23DF0200014A000576616C7565787200106A6176612E6C616E672E4E756D62657286AC951D0B94E08B02000078700000000000000001740004746573747400066D7262697264740018E69C89E58F82E4BBBBE58AA1E8B083E5BAA6E6B58BE8AF95740001317800);
INSERT INTO `qrtz_job_details` VALUES ('MyScheduler', 'TASK_11', 'DEFAULT', null, 'cc.mrbird.quartz.util.ScheduleJob', '0', '0', '0', '0', 0xACED0005737200156F72672E71756172747A2E4A6F62446174614D61709FB083E8BFA9B0CB020000787200266F72672E71756172747A2E7574696C732E537472696E674B65794469727479466C61674D61708208E8C3FBC55D280200015A0013616C6C6F77735472616E7369656E74446174617872001D6F72672E71756172747A2E7574696C732E4469727479466C61674D617013E62EAD28760ACE0200025A000564697274794C00036D617074000F4C6A6176612F7574696C2F4D61703B787001737200116A6176612E7574696C2E486173684D61700507DAC1C31660D103000246000A6C6F6164466163746F724900097468726573686F6C6478703F4000000000000C7708000000100000000174000D4A4F425F504152414D5F4B45597372001B63632E6D72626972642E71756172747A2E646F6D61696E2E4A6F62058D52AC1093A3040200084C00086265616E4E616D657400124C6A6176612F6C616E672F537472696E673B4C000A63726561746554696D657400104C6A6176612F7574696C2F446174653B4C000E63726F6E45787072657373696F6E71007E00094C00056A6F6249647400104C6A6176612F6C616E672F4C6F6E673B4C000A6D6574686F644E616D6571007E00094C0006706172616D7371007E00094C000672656D61726B71007E00094C000673746174757371007E00097870740008746573745461736B7372000E6A6176612E7574696C2E44617465686A81014B5974190300007870770800000161D01BAC507874000D302F35202A202A202A202A203F7372000E6A6176612E6C616E672E4C6F6E673B8BE490CC8F23DF0200014A000576616C7565787200106A6176612E6C616E672E4E756D62657286AC951D0B94E08B0200007870000000000000000B74000574657374327074000CE6B58BE8AF95E5BC82E5B8B8740001317800);
INSERT INTO `qrtz_job_details` VALUES ('MyScheduler', 'TASK_2', 'DEFAULT', null, 'cc.mrbird.quartz.util.ScheduleJob', '0', '0', '0', '0', 0xACED0005737200156F72672E71756172747A2E4A6F62446174614D61709FB083E8BFA9B0CB020000787200266F72672E71756172747A2E7574696C732E537472696E674B65794469727479466C61674D61708208E8C3FBC55D280200015A0013616C6C6F77735472616E7369656E74446174617872001D6F72672E71756172747A2E7574696C732E4469727479466C61674D617013E62EAD28760ACE0200025A000564697274794C00036D617074000F4C6A6176612F7574696C2F4D61703B787001737200116A6176612E7574696C2E486173684D61700507DAC1C31660D103000246000A6C6F6164466163746F724900097468726573686F6C6478703F4000000000000C7708000000100000000174000D4A4F425F504152414D5F4B45597372001B63632E6D72626972642E71756172747A2E646F6D61696E2E4A6F62058D52AC1093A3040200084C00086265616E4E616D657400124C6A6176612F6C616E672F537472696E673B4C000A63726561746554696D657400104C6A6176612F7574696C2F446174653B4C000E63726F6E45787072657373696F6E71007E00094C00056A6F6249647400104C6A6176612F6C616E672F4C6F6E673B4C000A6D6574686F644E616D6571007E00094C0006706172616D7371007E00094C000672656D61726B71007E00094C000673746174757371007E00097870740008746573745461736B7372000E6A6176612E7574696C2E44617465686A81014B5974190300007870770800000161C71032987874000E302F3130202A202A202A202A203F7372000E6A6176612E6C616E672E4C6F6E673B8BE490CC8F23DF0200014A000576616C7565787200106A6176612E6C616E672E4E756D62657286AC951D0B94E08B02000078700000000000000002740005746573743170740018E697A0E58F82E4BBBBE58AA1E8B083E5BAA6E6B58BE8AF95740001317800);
INSERT INTO `qrtz_job_details` VALUES ('MyScheduler', 'TASK_3', 'DEFAULT', null, 'cc.mrbird.quartz.util.ScheduleJob', '0', '0', '0', '0', 0xACED0005737200156F72672E71756172747A2E4A6F62446174614D61709FB083E8BFA9B0CB020000787200266F72672E71756172747A2E7574696C732E537472696E674B65794469727479466C61674D61708208E8C3FBC55D280200015A0013616C6C6F77735472616E7369656E74446174617872001D6F72672E71756172747A2E7574696C732E4469727479466C61674D617013E62EAD28760ACE0200025A000564697274794C00036D617074000F4C6A6176612F7574696C2F4D61703B787001737200116A6176612E7574696C2E486173684D61700507DAC1C31660D103000246000A6C6F6164466163746F724900097468726573686F6C6478703F4000000000000C7708000000100000000174000D4A4F425F504152414D5F4B45597372001B63632E6D72626972642E71756172747A2E646F6D61696E2E4A6F62058D52AC1093A3040200084C00086265616E4E616D657400124C6A6176612F6C616E672F537472696E673B4C000A63726561746554696D657400104C6A6176612F7574696C2F446174653B4C000E63726F6E45787072657373696F6E71007E00094C00056A6F6249647400104C6A6176612F6C616E672F4C6F6E673B4C000A6D6574686F644E616D6571007E00094C0006706172616D7371007E00094C000672656D61726B71007E00094C000673746174757371007E00097870740008746573745461736B7372000E6A6176612E7574696C2E44617465686A81014B5974190300007870770800000161CFB9A6907874000D302F31202A202A202A202A203F7372000E6A6176612E6C616E672E4C6F6E673B8BE490CC8F23DF0200014A000576616C7565787200106A6176612E6C616E672E4E756D62657286AC951D0B94E08B020000787000000000000000037400047465737474000B68656C6C6F20776F726C6474002BE69C89E58F82E4BBBBE58AA1E8B083E5BAA6E6B58BE8AF952CE6AF8FE99A94E4B880E7A792E8A7A6E58F91740001317800);

-- ----------------------------
-- Table structure for qrtz_locks
-- ----------------------------
DROP TABLE IF EXISTS `qrtz_locks`;
CREATE TABLE `qrtz_locks` (
  `SCHED_NAME` varchar(120) NOT NULL,
  `LOCK_NAME` varchar(40) NOT NULL,
  PRIMARY KEY (`SCHED_NAME`,`LOCK_NAME`)
) ENGINE=InnoDB DEFAULT CHARSET=utf8;

-- ----------------------------
-- Records of qrtz_locks
-- ----------------------------
INSERT INTO `qrtz_locks` VALUES ('MyScheduler', 'STATE_ACCESS');
INSERT INTO `qrtz_locks` VALUES ('MyScheduler', 'TRIGGER_ACCESS');

-- ----------------------------
-- Table structure for qrtz_paused_trigger_grps
-- ----------------------------
DROP TABLE IF EXISTS `qrtz_paused_trigger_grps`;
CREATE TABLE `qrtz_paused_trigger_grps` (
  `SCHED_NAME` varchar(120) NOT NULL,
  `TRIGGER_GROUP` varchar(200) NOT NULL,
  PRIMARY KEY (`SCHED_NAME`,`TRIGGER_GROUP`)
) ENGINE=InnoDB DEFAULT CHARSET=utf8;

-- ----------------------------
-- Records of qrtz_paused_trigger_grps
-- ----------------------------

-- ----------------------------
-- Table structure for qrtz_scheduler_state
-- ----------------------------
DROP TABLE IF EXISTS `qrtz_scheduler_state`;
CREATE TABLE `qrtz_scheduler_state` (
  `SCHED_NAME` varchar(120) NOT NULL,
  `INSTANCE_NAME` varchar(200) NOT NULL,
  `LAST_CHECKIN_TIME` bigint(13) NOT NULL,
  `CHECKIN_INTERVAL` bigint(13) NOT NULL,
  PRIMARY KEY (`SCHED_NAME`,`INSTANCE_NAME`)
) ENGINE=InnoDB DEFAULT CHARSET=utf8;

-- ----------------------------
-- Records of qrtz_scheduler_state
-- ----------------------------
INSERT INTO `qrtz_scheduler_state` VALUES ('MyScheduler', 'LAPTOP-PCQLMP8Q1546442068053', '1546442344510', '15000');

-- ----------------------------
-- Table structure for qrtz_simple_triggers
-- ----------------------------
DROP TABLE IF EXISTS `qrtz_simple_triggers`;
CREATE TABLE `qrtz_simple_triggers` (
  `SCHED_NAME` varchar(120) NOT NULL,
  `TRIGGER_NAME` varchar(200) NOT NULL,
  `TRIGGER_GROUP` varchar(200) NOT NULL,
  `REPEAT_COUNT` bigint(7) NOT NULL,
  `REPEAT_INTERVAL` bigint(12) NOT NULL,
  `TIMES_TRIGGERED` bigint(10) NOT NULL,
  PRIMARY KEY (`SCHED_NAME`,`TRIGGER_NAME`,`TRIGGER_GROUP`),
  CONSTRAINT `qrtz_simple_triggers_ibfk_1` FOREIGN KEY (`SCHED_NAME`, `TRIGGER_NAME`, `TRIGGER_GROUP`) REFERENCES `qrtz_triggers` (`SCHED_NAME`, `TRIGGER_NAME`, `TRIGGER_GROUP`)
) ENGINE=InnoDB DEFAULT CHARSET=utf8;

-- ----------------------------
-- Records of qrtz_simple_triggers
-- ----------------------------

-- ----------------------------
-- Table structure for qrtz_simprop_triggers
-- ----------------------------
DROP TABLE IF EXISTS `qrtz_simprop_triggers`;
CREATE TABLE `qrtz_simprop_triggers` (
  `SCHED_NAME` varchar(120) NOT NULL,
  `TRIGGER_NAME` varchar(200) NOT NULL,
  `TRIGGER_GROUP` varchar(200) NOT NULL,
  `STR_PROP_1` varchar(512) DEFAULT NULL,
  `STR_PROP_2` varchar(512) DEFAULT NULL,
  `STR_PROP_3` varchar(512) DEFAULT NULL,
  `INT_PROP_1` int(11) DEFAULT NULL,
  `INT_PROP_2` int(11) DEFAULT NULL,
  `LONG_PROP_1` bigint(20) DEFAULT NULL,
  `LONG_PROP_2` bigint(20) DEFAULT NULL,
  `DEC_PROP_1` decimal(13,4) DEFAULT NULL,
  `DEC_PROP_2` decimal(13,4) DEFAULT NULL,
  `BOOL_PROP_1` varchar(1) DEFAULT NULL,
  `BOOL_PROP_2` varchar(1) DEFAULT NULL,
  PRIMARY KEY (`SCHED_NAME`,`TRIGGER_NAME`,`TRIGGER_GROUP`),
  CONSTRAINT `qrtz_simprop_triggers_ibfk_1` FOREIGN KEY (`SCHED_NAME`, `TRIGGER_NAME`, `TRIGGER_GROUP`) REFERENCES `qrtz_triggers` (`SCHED_NAME`, `TRIGGER_NAME`, `TRIGGER_GROUP`)
) ENGINE=InnoDB DEFAULT CHARSET=utf8;

-- ----------------------------
-- Records of qrtz_simprop_triggers
-- ----------------------------

-- ----------------------------
-- Table structure for qrtz_triggers
-- ----------------------------
DROP TABLE IF EXISTS `qrtz_triggers`;
CREATE TABLE `qrtz_triggers` (
  `SCHED_NAME` varchar(120) NOT NULL,
  `TRIGGER_NAME` varchar(200) NOT NULL,
  `TRIGGER_GROUP` varchar(200) NOT NULL,
  `JOB_NAME` varchar(200) NOT NULL,
  `JOB_GROUP` varchar(200) NOT NULL,
  `DESCRIPTION` varchar(250) DEFAULT NULL,
  `NEXT_FIRE_TIME` bigint(13) DEFAULT NULL,
  `PREV_FIRE_TIME` bigint(13) DEFAULT NULL,
  `PRIORITY` int(11) DEFAULT NULL,
  `TRIGGER_STATE` varchar(16) NOT NULL,
  `TRIGGER_TYPE` varchar(8) NOT NULL,
  `START_TIME` bigint(13) NOT NULL,
  `END_TIME` bigint(13) DEFAULT NULL,
  `CALENDAR_NAME` varchar(200) DEFAULT NULL,
  `MISFIRE_INSTR` smallint(2) DEFAULT NULL,
  `JOB_DATA` blob,
  PRIMARY KEY (`SCHED_NAME`,`TRIGGER_NAME`,`TRIGGER_GROUP`),
  KEY `SCHED_NAME` (`SCHED_NAME`,`JOB_NAME`,`JOB_GROUP`),
  CONSTRAINT `qrtz_triggers_ibfk_1` FOREIGN KEY (`SCHED_NAME`, `JOB_NAME`, `JOB_GROUP`) REFERENCES `qrtz_job_details` (`SCHED_NAME`, `JOB_NAME`, `JOB_GROUP`)
) ENGINE=InnoDB DEFAULT CHARSET=utf8;

-- ----------------------------
-- Records of qrtz_triggers
-- ----------------------------
INSERT INTO `qrtz_triggers` VALUES ('MyScheduler', 'TASK_1', 'DEFAULT', 'TASK_1', 'DEFAULT', null, '1544576720000', '-1', '5', 'PAUSED', 'CRON', '1544576720000', '0', null, '2', 0xACED0005737200156F72672E71756172747A2E4A6F62446174614D61709FB083E8BFA9B0CB020000787200266F72672E71756172747A2E7574696C732E537472696E674B65794469727479466C61674D61708208E8C3FBC55D280200015A0013616C6C6F77735472616E7369656E74446174617872001D6F72672E71756172747A2E7574696C732E4469727479466C61674D617013E62EAD28760ACE0200025A000564697274794C00036D617074000F4C6A6176612F7574696C2F4D61703B787001737200116A6176612E7574696C2E486173684D61700507DAC1C31660D103000246000A6C6F6164466163746F724900097468726573686F6C6478703F4000000000000C7708000000100000000174000D4A4F425F504152414D5F4B45597372001B63632E6D72626972642E71756172747A2E646F6D61696E2E4A6F62058D52AC1093A3040200084C00086265616E4E616D657400124C6A6176612F6C616E672F537472696E673B4C000A63726561746554696D657400104C6A6176612F7574696C2F446174653B4C000E63726F6E45787072657373696F6E71007E00094C00056A6F6249647400104C6A6176612F6C616E672F4C6F6E673B4C000A6D6574686F644E616D6571007E00094C0006706172616D7371007E00094C000672656D61726B71007E00094C000673746174757371007E00097870740008746573745461736B7372000E6A6176612E7574696C2E44617465686A81014B5974190300007870770800000161C6EB70707874000D302F31202A202A202A202A203F7372000E6A6176612E6C616E672E4C6F6E673B8BE490CC8F23DF0200014A000576616C7565787200106A6176612E6C616E672E4E756D62657286AC951D0B94E08B02000078700000000000000001740004746573747400066D7262697264740018E69C89E58F82E4BBBBE58AA1E8B083E5BAA6E6B58BE8AF95740001317800);
INSERT INTO `qrtz_triggers` VALUES ('MyScheduler', 'TASK_11', 'DEFAULT', 'TASK_11', 'DEFAULT', null, '1544576725000', '-1', '5', 'PAUSED', 'CRON', '1544576721000', '0', null, '2', 0xACED0005737200156F72672E71756172747A2E4A6F62446174614D61709FB083E8BFA9B0CB020000787200266F72672E71756172747A2E7574696C732E537472696E674B65794469727479466C61674D61708208E8C3FBC55D280200015A0013616C6C6F77735472616E7369656E74446174617872001D6F72672E71756172747A2E7574696C732E4469727479466C61674D617013E62EAD28760ACE0200025A000564697274794C00036D617074000F4C6A6176612F7574696C2F4D61703B787001737200116A6176612E7574696C2E486173684D61700507DAC1C31660D103000246000A6C6F6164466163746F724900097468726573686F6C6478703F4000000000000C7708000000100000000174000D4A4F425F504152414D5F4B45597372001B63632E6D72626972642E71756172747A2E646F6D61696E2E4A6F62058D52AC1093A3040200084C00086265616E4E616D657400124C6A6176612F6C616E672F537472696E673B4C000A63726561746554696D657400104C6A6176612F7574696C2F446174653B4C000E63726F6E45787072657373696F6E71007E00094C00056A6F6249647400104C6A6176612F6C616E672F4C6F6E673B4C000A6D6574686F644E616D6571007E00094C0006706172616D7371007E00094C000672656D61726B71007E00094C000673746174757371007E00097870740008746573745461736B7372000E6A6176612E7574696C2E44617465686A81014B5974190300007870770800000161D01BAC507874000D302F35202A202A202A202A203F7372000E6A6176612E6C616E672E4C6F6E673B8BE490CC8F23DF0200014A000576616C7565787200106A6176612E6C616E672E4E756D62657286AC951D0B94E08B0200007870000000000000000B74000574657374327074000CE6B58BE8AF95E5BC82E5B8B8740001317800);
INSERT INTO `qrtz_triggers` VALUES ('MyScheduler', 'TASK_2', 'DEFAULT', 'TASK_2', 'DEFAULT', null, '1544576720000', '-1', '5', 'PAUSED', 'CRON', '1544576720000', '0', null, '2', 0xACED0005737200156F72672E71756172747A2E4A6F62446174614D61709FB083E8BFA9B0CB020000787200266F72672E71756172747A2E7574696C732E537472696E674B65794469727479466C61674D61708208E8C3FBC55D280200015A0013616C6C6F77735472616E7369656E74446174617872001D6F72672E71756172747A2E7574696C732E4469727479466C61674D617013E62EAD28760ACE0200025A000564697274794C00036D617074000F4C6A6176612F7574696C2F4D61703B787001737200116A6176612E7574696C2E486173684D61700507DAC1C31660D103000246000A6C6F6164466163746F724900097468726573686F6C6478703F4000000000000C7708000000100000000174000D4A4F425F504152414D5F4B45597372001B63632E6D72626972642E71756172747A2E646F6D61696E2E4A6F62058D52AC1093A3040200084C00086265616E4E616D657400124C6A6176612F6C616E672F537472696E673B4C000A63726561746554696D657400104C6A6176612F7574696C2F446174653B4C000E63726F6E45787072657373696F6E71007E00094C00056A6F6249647400104C6A6176612F6C616E672F4C6F6E673B4C000A6D6574686F644E616D6571007E00094C0006706172616D7371007E00094C000672656D61726B71007E00094C000673746174757371007E00097870740008746573745461736B7372000E6A6176612E7574696C2E44617465686A81014B5974190300007870770800000161C71032987874000E302F3130202A202A202A202A203F7372000E6A6176612E6C616E672E4C6F6E673B8BE490CC8F23DF0200014A000576616C7565787200106A6176612E6C616E672E4E756D62657286AC951D0B94E08B02000078700000000000000002740005746573743170740018E697A0E58F82E4BBBBE58AA1E8B083E5BAA6E6B58BE8AF95740001317800);
INSERT INTO `qrtz_triggers` VALUES ('MyScheduler', 'TASK_3', 'DEFAULT', 'TASK_3', 'DEFAULT', null, '1544576720000', '-1', '5', 'PAUSED', 'CRON', '1544576720000', '0', null, '2', 0xACED0005737200156F72672E71756172747A2E4A6F62446174614D61709FB083E8BFA9B0CB020000787200266F72672E71756172747A2E7574696C732E537472696E674B65794469727479466C61674D61708208E8C3FBC55D280200015A0013616C6C6F77735472616E7369656E74446174617872001D6F72672E71756172747A2E7574696C732E4469727479466C61674D617013E62EAD28760ACE0200025A000564697274794C00036D617074000F4C6A6176612F7574696C2F4D61703B787001737200116A6176612E7574696C2E486173684D61700507DAC1C31660D103000246000A6C6F6164466163746F724900097468726573686F6C6478703F4000000000000C7708000000100000000174000D4A4F425F504152414D5F4B45597372001B63632E6D72626972642E71756172747A2E646F6D61696E2E4A6F62058D52AC1093A3040200084C00086265616E4E616D657400124C6A6176612F6C616E672F537472696E673B4C000A63726561746554696D657400104C6A6176612F7574696C2F446174653B4C000E63726F6E45787072657373696F6E71007E00094C00056A6F6249647400104C6A6176612F6C616E672F4C6F6E673B4C000A6D6574686F644E616D6571007E00094C0006706172616D7371007E00094C000672656D61726B71007E00094C000673746174757371007E00097870740008746573745461736B7372000E6A6176612E7574696C2E44617465686A81014B5974190300007870770800000161CFB9A6907874000D302F31202A202A202A202A203F7372000E6A6176612E6C616E672E4C6F6E673B8BE490CC8F23DF0200014A000576616C7565787200106A6176612E6C616E672E4E756D62657286AC951D0B94E08B020000787000000000000000037400047465737474000B68656C6C6F20776F726C6474002BE69C89E58F82E4BBBBE58AA1E8B083E5BAA6E6B58BE8AF952CE6AF8FE99A94E4B880E7A792E8A7A6E58F91740001317800);

-- ----------------------------
-- Table structure for test
-- ----------------------------
DROP TABLE IF EXISTS `test`;
CREATE TABLE `test` (
  `id` int(11) NOT NULL AUTO_INCREMENT,
  `name` varchar(255) DEFAULT '名字',
  `number` varchar(255) DEFAULT '学号',
  PRIMARY KEY (`id`)
) ENGINE=InnoDB AUTO_INCREMENT=4 DEFAULT CHARSET=utf8;

-- ----------------------------
-- Records of test
-- ----------------------------
INSERT INTO `test` VALUES ('1', 'sad', '学号');
INSERT INTO `test` VALUES ('2', '名字', '学号');
INSERT INTO `test` VALUES ('3', '名字', '学号');

-- ----------------------------
-- Table structure for t_dept
-- ----------------------------
DROP TABLE IF EXISTS `t_dept`;
CREATE TABLE `t_dept` (
  `DEPT_ID` bigint(20) NOT NULL AUTO_INCREMENT COMMENT '部门ID',
  `PARENT_ID` bigint(20) NOT NULL COMMENT '上级部门ID',
  `DEPT_NAME` varchar(100) NOT NULL COMMENT '部门名称',
  `ORDER_NUM` bigint(20) DEFAULT NULL COMMENT '排序',
  `CREATE_TIME` datetime DEFAULT NULL COMMENT '创建时间',
  PRIMARY KEY (`DEPT_ID`)
) ENGINE=InnoDB AUTO_INCREMENT=15 DEFAULT CHARSET=utf8;

-- ----------------------------
-- Records of t_dept
-- ----------------------------
INSERT INTO `t_dept` VALUES ('4', '0', '信息工程学院', '3', '2018-01-04 15:42:36');
INSERT INTO `t_dept` VALUES ('7', '4', '教师组', null, '2018-12-20 15:32:12');
INSERT INTO `t_dept` VALUES ('8', '4', '学生组', '0', '2018-12-20 15:32:57');
INSERT INTO `t_dept` VALUES ('9', '8', '16软件1班', '1', '2018-12-20 15:33:43');
INSERT INTO `t_dept` VALUES ('10', '8', '16软件2班', '1', '2018-12-20 15:34:16');
INSERT INTO `t_dept` VALUES ('11', '8', '16软件3班', '1', '2018-12-28 11:41:46');
INSERT INTO `t_dept` VALUES ('12', '0', '机电学院', '3', '2019-01-02 20:55:28');
INSERT INTO `t_dept` VALUES ('13', '14', '数控1班', '1', '2019-01-02 20:55:59');
INSERT INTO `t_dept` VALUES ('14', '12', '机电学生组', '0', '2019-01-02 20:58:52');

-- ----------------------------
-- Table structure for t_dict
-- ----------------------------
DROP TABLE IF EXISTS `t_dict`;
CREATE TABLE `t_dict` (
  `DICT_ID` bigint(20) NOT NULL AUTO_INCREMENT COMMENT '字典ID',
  `KEYY` bigint(20) NOT NULL COMMENT '键',
  `VALUEE` varchar(100) NOT NULL COMMENT '值',
  `FIELD_NAME` varchar(100) NOT NULL COMMENT '字段名称',
  `TABLE_NAME` varchar(100) NOT NULL COMMENT '表名',
  PRIMARY KEY (`DICT_ID`)
) ENGINE=InnoDB AUTO_INCREMENT=34 DEFAULT CHARSET=utf8;

-- ----------------------------
-- Records of t_dict
-- ----------------------------
INSERT INTO `t_dict` VALUES ('1', '0', '男', 'ssex', 't_user');
INSERT INTO `t_dict` VALUES ('2', '1', '女', 'ssex', 't_user');
INSERT INTO `t_dict` VALUES ('3', '2', '保密', 'ssex', 't_user');
INSERT INTO `t_dict` VALUES ('4', '1', '有效', 'status', 't_user');
INSERT INTO `t_dict` VALUES ('5', '0', '锁定', 'status', 't_user');
INSERT INTO `t_dict` VALUES ('6', '0', '菜单1', 'type', 't_menu');
INSERT INTO `t_dict` VALUES ('7', '1', '按钮', 'type', 't_menu');
INSERT INTO `t_dict` VALUES ('30', '0', '正常', 'status', 't_job');
INSERT INTO `t_dict` VALUES ('31', '1', '暂停', 'status', 't_job');
INSERT INTO `t_dict` VALUES ('32', '0', '成功', 'status', 't_job_log');
INSERT INTO `t_dict` VALUES ('33', '1', '失败', 'status', 't_job_log');

-- ----------------------------
-- Table structure for t_job
-- ----------------------------
DROP TABLE IF EXISTS `t_job`;
CREATE TABLE `t_job` (
  `JOB_ID` bigint(20) NOT NULL AUTO_INCREMENT COMMENT '任务id',
  `BEAN_NAME` varchar(100) NOT NULL COMMENT 'spring bean名称',
  `METHOD_NAME` varchar(100) NOT NULL COMMENT '方法名',
  `PARAMS` varchar(200) DEFAULT NULL COMMENT '参数',
  `CRON_EXPRESSION` varchar(100) NOT NULL COMMENT 'cron表达式',
  `STATUS` char(2) NOT NULL COMMENT '任务状态  0：正常  1：暂停',
  `REMARK` varchar(200) DEFAULT NULL COMMENT '备注',
  `CREATE_TIME` datetime DEFAULT NULL COMMENT '创建时间',
  PRIMARY KEY (`JOB_ID`)
) ENGINE=InnoDB AUTO_INCREMENT=12 DEFAULT CHARSET=utf8;

-- ----------------------------
-- Records of t_job
-- ----------------------------
INSERT INTO `t_job` VALUES ('1', 'testTask', 'test', 'mrbird', '0/1 * * * * ?', '1', '有参任务调度测试', '2018-02-24 16:26:14');
INSERT INTO `t_job` VALUES ('2', 'testTask', 'test1', null, '0/10 * * * * ?', '1', '无参任务调度测试', '2018-02-24 17:06:23');
INSERT INTO `t_job` VALUES ('3', 'testTask', 'test', 'hello world', '0/1 * * * * ?', '1', '有参任务调度测试,每隔一秒触发', '2018-02-26 09:28:26');
INSERT INTO `t_job` VALUES ('11', 'testTask', 'test2', null, '0/5 * * * * ?', '1', '测试异常', '2018-02-26 11:15:30');

-- ----------------------------
-- Table structure for t_job_log
-- ----------------------------
DROP TABLE IF EXISTS `t_job_log`;
CREATE TABLE `t_job_log` (
  `LOG_ID` bigint(20) NOT NULL AUTO_INCREMENT COMMENT '任务日志id',
  `JOB_ID` bigint(20) NOT NULL COMMENT '任务id',
  `BEAN_NAME` varchar(100) NOT NULL COMMENT 'spring bean名称',
  `METHOD_NAME` varchar(100) NOT NULL COMMENT '方法名',
  `PARAMS` varchar(200) DEFAULT NULL COMMENT '参数',
  `STATUS` char(2) NOT NULL COMMENT '任务状态    0：成功    1：失败',
  `ERROR` text COMMENT '失败信息',
  `TIMES` decimal(11,0) DEFAULT NULL COMMENT '耗时(单位：毫秒)',
  `CREATE_TIME` datetime DEFAULT NULL COMMENT '创建时间',
  PRIMARY KEY (`LOG_ID`)
) ENGINE=InnoDB AUTO_INCREMENT=2485 DEFAULT CHARSET=utf8;

-- ----------------------------
-- Records of t_job_log
-- ----------------------------
INSERT INTO `t_job_log` VALUES ('2448', '3', 'testTask', 'test', 'hello world', '0', null, '0', '2018-03-20 15:31:50');
INSERT INTO `t_job_log` VALUES ('2449', '3', 'testTask', 'test', 'hello world', '0', null, '1', '2018-03-20 15:31:51');
INSERT INTO `t_job_log` VALUES ('2450', '3', 'testTask', 'test', 'hello world', '0', null, '2', '2018-03-20 15:31:52');
INSERT INTO `t_job_log` VALUES ('2451', '3', 'testTask', 'test', 'hello world', '0', null, '0', '2018-03-20 15:31:53');
INSERT INTO `t_job_log` VALUES ('2452', '3', 'testTask', 'test', 'hello world', '0', null, '2', '2018-03-20 15:31:54');
INSERT INTO `t_job_log` VALUES ('2453', '3', 'testTask', 'test', 'hello world', '0', null, '1', '2018-03-20 15:31:55');
INSERT INTO `t_job_log` VALUES ('2454', '3', 'testTask', 'test', 'hello world', '0', null, '0', '2018-03-20 15:31:56');
INSERT INTO `t_job_log` VALUES ('2455', '3', 'testTask', 'test', 'hello world', '0', null, '1', '2018-03-20 15:31:57');
INSERT INTO `t_job_log` VALUES ('2456', '3', 'testTask', 'test', 'hello world', '0', null, '1', '2018-03-20 15:31:59');
INSERT INTO `t_job_log` VALUES ('2457', '3', 'testTask', 'test', 'hello world', '0', null, '1', '2018-03-20 15:31:59');
INSERT INTO `t_job_log` VALUES ('2458', '3', 'testTask', 'test', 'hello world', '0', null, '1', '2018-03-20 15:32:00');
INSERT INTO `t_job_log` VALUES ('2459', '3', 'testTask', 'test', 'hello world', '0', null, '0', '2018-03-20 15:32:01');
INSERT INTO `t_job_log` VALUES ('2460', '3', 'testTask', 'test', 'hello world', '0', null, '5', '2018-03-20 15:32:02');
INSERT INTO `t_job_log` VALUES ('2461', '3', 'testTask', 'test', 'hello world', '0', null, '1', '2018-03-20 15:32:03');
INSERT INTO `t_job_log` VALUES ('2462', '3', 'testTask', 'test', 'hello world', '0', null, '1', '2018-03-20 15:32:04');
INSERT INTO `t_job_log` VALUES ('2463', '3', 'testTask', 'test', 'hello world', '0', null, '1', '2018-03-20 15:32:05');
INSERT INTO `t_job_log` VALUES ('2464', '3', 'testTask', 'test', 'hello world', '0', null, '1', '2018-03-20 15:32:06');
INSERT INTO `t_job_log` VALUES ('2465', '11', 'testTask', 'test2', null, '1', 'java.lang.NoSuchMethodException: cc.mrbird.job.task.TestTask.test2()', '0', '2018-03-20 15:32:26');
INSERT INTO `t_job_log` VALUES ('2466', '2', 'testTask', 'test1', null, '0', null, '1', '2018-04-02 15:26:40');
INSERT INTO `t_job_log` VALUES ('2467', '2', 'testTask', 'test1', null, '0', null, '1', '2018-04-02 15:26:50');
INSERT INTO `t_job_log` VALUES ('2468', '2', 'testTask', 'test1', null, '0', null, '1', '2018-04-02 15:27:20');
INSERT INTO `t_job_log` VALUES ('2469', '2', 'testTask', 'test1', null, '0', null, '3', '2018-04-02 17:29:20');
INSERT INTO `t_job_log` VALUES ('2470', '2', 'testTask', 'test1', null, '0', null, '1', '2018-04-02 17:29:30');
INSERT INTO `t_job_log` VALUES ('2471', '2', 'testTask', 'test1', null, '0', null, '1', '2018-04-02 17:29:40');
INSERT INTO `t_job_log` VALUES ('2472', '2', 'testTask', 'test1', null, '0', null, '14', '2018-04-02 17:29:50');
INSERT INTO `t_job_log` VALUES ('2473', '2', 'testTask', 'test1', null, '0', null, '1', '2018-04-02 17:30:00');
INSERT INTO `t_job_log` VALUES ('2474', '2', 'testTask', 'test1', null, '0', null, '0', '2018-04-02 17:30:10');
INSERT INTO `t_job_log` VALUES ('2475', '2', 'testTask', 'test1', null, '0', null, '1', '2018-04-02 17:30:20');
INSERT INTO `t_job_log` VALUES ('2476', '3', 'testTask', 'test', 'hello world', '0', null, '4', '2018-09-06 14:15:40');
INSERT INTO `t_job_log` VALUES ('2477', '11', 'testTask', 'test2', null, '1', 'java.lang.NoSuchMethodException: cc.mrbird.quartz.task.TestTask.test2()', '11', '2018-09-06 14:15:50');
INSERT INTO `t_job_log` VALUES ('2478', '2', 'testTask', 'test1', null, '0', null, '1', '2018-09-06 14:16:10');
INSERT INTO `t_job_log` VALUES ('2479', '2', 'testTask', 'test1', null, '0', null, '1', '2018-09-06 14:16:19');
INSERT INTO `t_job_log` VALUES ('2480', '2', 'testTask', 'test1', null, '0', null, '1', '2018-09-06 14:16:20');
INSERT INTO `t_job_log` VALUES ('2481', '2', 'testTask', 'test1', null, '0', null, '1', '2018-09-06 14:16:30');
INSERT INTO `t_job_log` VALUES ('2482', '2', 'testTask', 'test1', null, '0', null, '1', '2018-09-06 14:16:40');
INSERT INTO `t_job_log` VALUES ('2483', '2', 'testTask', 'test1', null, '0', null, '1', '2018-09-06 14:16:50');
INSERT INTO `t_job_log` VALUES ('2484', '2', 'testTask', 'test1', null, '0', null, '1', '2018-09-06 14:17:00');

-- ----------------------------
-- Table structure for t_log
-- ----------------------------
DROP TABLE IF EXISTS `t_log`;
CREATE TABLE `t_log` (
  `ID` bigint(20) NOT NULL AUTO_INCREMENT COMMENT '日志ID',
  `USERNAME` varchar(50) DEFAULT NULL COMMENT '操作用户',
  `OPERATION` text COMMENT '操作内容',
  `TIME` decimal(11,0) DEFAULT NULL COMMENT '耗时',
  `METHOD` text COMMENT '操作方法',
  `PARAMS` text COMMENT '方法参数',
  `IP` varchar(64) DEFAULT NULL COMMENT '操作者IP',
  `CREATE_TIME` datetime DEFAULT NULL COMMENT '创建时间',
  `location` varchar(50) DEFAULT NULL COMMENT '操作地点',
  PRIMARY KEY (`ID`)
) ENGINE=InnoDB AUTO_INCREMENT=580 DEFAULT CHARSET=utf8;

-- ----------------------------
-- Records of t_log
-- ----------------------------
INSERT INTO `t_log` VALUES ('1', 'mrbird', '获取用户信息', '28', 'cc.mrbird.web.controller.system.UserController.userList()', 'request: \"QueryRequest{pageSize=10, pageNum=1}\"  user: \"MyUser{userId=null, username=\'\', password=\'null\', deptId=null, deptName=\'null\', email=\'null\', mobile=\'null\', status=\'\', crateTime=null, modifyTime=null, lastLoginTime=null, ssex=\'\', theme=\'null\', avatar=\'null\', description=\'null\', roleName=\'null\'}\"', '127.0.0.1', '2018-12-12 14:40:40', '内网IP|0|0|内网IP|内网IP');
INSERT INTO `t_log` VALUES ('2', 'mrbird', '获取角色信息', '0', 'cc.mrbird.web.controller.system.RoleController.index()', '', '127.0.0.1', '2018-12-12 14:40:41', '内网IP|0|0|内网IP|内网IP');
INSERT INTO `t_log` VALUES ('3', 'mrbird', '获取系统所有URL', '85', 'cc.mrbird.web.controller.system.MenuController.getAllUrl()', '', '127.0.0.1', '2018-12-12 14:40:43', '内网IP|0|0|内网IP|内网IP');
INSERT INTO `t_log` VALUES ('4', 'mrbird', '获取部门信息', '0', 'cc.mrbird.web.controller.system.DeptController.index()', '', '127.0.0.1', '2018-12-12 14:40:44', '内网IP|0|0|内网IP|内网IP');
INSERT INTO `t_log` VALUES ('5', 'mrbird', '获取字典信息', '3', 'cc.mrbird.web.controller.system.DictController.index()', '', '127.0.0.1', '2018-12-12 14:40:45', '内网IP|0|0|内网IP|内网IP');
INSERT INTO `t_log` VALUES ('6', 'mrbird', '获取部门信息', '0', 'cc.mrbird.web.controller.system.DeptController.index()', '', '127.0.0.1', '2018-12-12 14:40:47', '内网IP|0|0|内网IP|内网IP');
INSERT INTO `t_log` VALUES ('7', 'mrbird', '获取系统所有URL', '2', 'cc.mrbird.web.controller.system.MenuController.getAllUrl()', '', '127.0.0.1', '2018-12-12 14:40:47', '内网IP|0|0|内网IP|内网IP');
INSERT INTO `t_log` VALUES ('8', 'mrbird', '获取角色信息', '0', 'cc.mrbird.web.controller.system.RoleController.index()', '', '127.0.0.1', '2018-12-12 14:40:48', '内网IP|0|0|内网IP|内网IP');
INSERT INTO `t_log` VALUES ('9', 'mrbird', '获取用户信息', '4', 'cc.mrbird.web.controller.system.UserController.userList()', 'request: \"QueryRequest{pageSize=10, pageNum=1}\"  user: \"MyUser{userId=null, username=\'\', password=\'null\', deptId=null, deptName=\'null\', email=\'null\', mobile=\'null\', status=\'\', crateTime=null, modifyTime=null, lastLoginTime=null, ssex=\'\', theme=\'null\', avatar=\'null\', description=\'null\', roleName=\'null\'}\"', '127.0.0.1', '2018-12-12 14:40:48', '内网IP|0|0|内网IP|内网IP');
INSERT INTO `t_log` VALUES ('10', 'mrbird', '获取在线用户信息', '2', 'cc.mrbird.web.controller.security.SessionController.online()', '', '127.0.0.1', '2018-12-12 14:40:54', '内网IP|0|0|内网IP|内网IP');
INSERT INTO `t_log` VALUES ('11', 'mrbird', '获取天气信息', '3', 'cc.mrbird.web.controller.others.WeatherController.weather()', '', '127.0.0.1', '2018-12-12 14:41:01', '内网IP|0|0|内网IP|内网IP');
INSERT INTO `t_log` VALUES ('12', 'mrbird', '获取每日一文信息', '2', 'cc.mrbird.web.controller.others.ArticleController.index()', '', '127.0.0.1', '2018-12-12 14:41:02', '内网IP|0|0|内网IP|内网IP');
INSERT INTO `t_log` VALUES ('13', 'mrbird', '获取热门电影信息', '3', 'cc.mrbird.web.controller.others.MovieController.movieHot()', '', '127.0.0.1', '2018-12-12 14:41:06', '内网IP|0|0|内网IP|内网IP');
INSERT INTO `t_log` VALUES ('14', 'mrbird', '获取即将上映电影信息', '0', 'cc.mrbird.web.controller.others.MovieController.movieComing()', '', '127.0.0.1', '2018-12-12 14:41:17', '内网IP|0|0|内网IP|内网IP');
INSERT INTO `t_log` VALUES ('15', 'mrbird', '获取调度日志信息', '3', 'cc.mrbird.web.controller.quartz.JobLogController.index()', '', '127.0.0.1', '2018-12-12 14:41:19', '内网IP|0|0|内网IP|内网IP');
INSERT INTO `t_log` VALUES ('16', 'mrbird', '获取定时任务信息', '2', 'cc.mrbird.web.controller.quartz.JobController.index()', '', '127.0.0.1', '2018-12-12 14:41:20', '内网IP|0|0|内网IP|内网IP');
INSERT INTO `t_log` VALUES ('17', 'mrbird', '获取系统所有URL', '1', 'cc.mrbird.web.controller.system.MenuController.getAllUrl()', '', '127.0.0.1', '2018-12-12 14:41:25', '内网IP|0|0|内网IP|内网IP');
INSERT INTO `t_log` VALUES ('18', 'mrbird', '获取角色信息', '0', 'cc.mrbird.web.controller.system.RoleController.index()', '', '127.0.0.1', '2018-12-12 14:41:44', '内网IP|0|0|内网IP|内网IP');
INSERT INTO `t_log` VALUES ('19', 'mrbird', '获取系统所有URL', '0', 'cc.mrbird.web.controller.system.MenuController.getAllUrl()', '', '127.0.0.1', '2018-12-12 14:41:58', '内网IP|0|0|内网IP|内网IP');
INSERT INTO `t_log` VALUES ('20', 'mrbird', '获取角色信息', '0', 'cc.mrbird.web.controller.system.RoleController.index()', '', '127.0.0.1', '2018-12-12 14:47:52', '内网IP|0|0|内网IP|内网IP');
INSERT INTO `t_log` VALUES ('21', 'mrbird', '获取用户信息', '6', 'cc.mrbird.web.controller.system.UserController.userList()', 'request: \"QueryRequest{pageSize=10, pageNum=1}\"  user: \"MyUser{userId=null, username=\'\', password=\'null\', deptId=null, deptName=\'null\', email=\'null\', mobile=\'null\', status=\'\', crateTime=null, modifyTime=null, lastLoginTime=null, ssex=\'\', theme=\'null\', avatar=\'null\', description=\'null\', roleName=\'null\'}\"', '127.0.0.1', '2018-12-12 14:47:54', '内网IP|0|0|内网IP|内网IP');
INSERT INTO `t_log` VALUES ('22', 'mrbird', '获取角色信息', '0', 'cc.mrbird.web.controller.system.RoleController.index()', '', '127.0.0.1', '2018-12-12 14:48:42', '内网IP|0|0|内网IP|内网IP');
INSERT INTO `t_log` VALUES ('23', 'mrbird', '获取用户信息', '4', 'cc.mrbird.web.controller.system.UserController.userList()', 'request: \"QueryRequest{pageSize=10, pageNum=1}\"  user: \"MyUser{userId=null, username=\'\', password=\'null\', deptId=null, deptName=\'null\', email=\'null\', mobile=\'null\', status=\'\', crateTime=null, modifyTime=null, lastLoginTime=null, ssex=\'\', theme=\'null\', avatar=\'null\', description=\'null\', roleName=\'null\'}\"', '127.0.0.1', '2018-12-12 14:48:43', '内网IP|0|0|内网IP|内网IP');
INSERT INTO `t_log` VALUES ('24', 'mrbird', '获取系统所有URL', '0', 'cc.mrbird.web.controller.system.MenuController.getAllUrl()', '', '127.0.0.1', '2018-12-12 14:48:44', '内网IP|0|0|内网IP|内网IP');
INSERT INTO `t_log` VALUES ('25', 'mrbird', '获取用户信息', '3', 'cc.mrbird.web.controller.system.UserController.userList()', 'request: \"QueryRequest{pageSize=10, pageNum=1}\"  user: \"MyUser{userId=null, username=\'\', password=\'null\', deptId=null, deptName=\'null\', email=\'null\', mobile=\'null\', status=\'\', crateTime=null, modifyTime=null, lastLoginTime=null, ssex=\'\', theme=\'null\', avatar=\'null\', description=\'null\', roleName=\'null\'}\"', '127.0.0.1', '2018-12-12 14:48:48', '内网IP|0|0|内网IP|内网IP');
INSERT INTO `t_log` VALUES ('26', 'mrbird', '获取角色信息', '0', 'cc.mrbird.web.controller.system.RoleController.index()', '', '127.0.0.1', '2018-12-12 14:49:13', '内网IP|0|0|内网IP|内网IP');
INSERT INTO `t_log` VALUES ('27', 'mrbird', '新增角色', '50', 'cc.mrbird.web.controller.system.RoleController.addRole()', 'role: \"cc.mrbird.system.domain.Role@520f057b\"  menuId: \"[Ljava.lang.Long;@5c72a0c3\"', '127.0.0.1', '2018-12-12 14:50:26', '内网IP|0|0|内网IP|内网IP');
INSERT INTO `t_log` VALUES ('28', 'mrbird', '获取用户信息', '4', 'cc.mrbird.web.controller.system.UserController.userList()', 'request: \"QueryRequest{pageSize=10, pageNum=1}\"  user: \"MyUser{userId=null, username=\'\', password=\'null\', deptId=null, deptName=\'null\', email=\'null\', mobile=\'null\', status=\'\', crateTime=null, modifyTime=null, lastLoginTime=null, ssex=\'\', theme=\'null\', avatar=\'null\', description=\'null\', roleName=\'null\'}\"', '127.0.0.1', '2018-12-12 14:50:28', '内网IP|0|0|内网IP|内网IP');
INSERT INTO `t_log` VALUES ('29', 'mrbird', '新增用户', '142', 'cc.mrbird.web.controller.system.UserController.addUser()', 'user: \"MyUser{userId=171, username=\'test\', password=\'$2a$10$De8tCdXi8/BTeD14ntGk2u2iuw19e/6CSUliE89f0bGZUsdhQg8Da\', deptId=5, deptName=\'null\', email=\'123@qq.com\', mobile=\'null\', status=\'1\', crateTime=Wed Dec 12 14:50:57 CST 2018, modifyTime=null, lastLoginTime=null, ssex=\'1\', theme=\'green\', avatar=\'default.jpg\', description=\'null\', roleName=\'null\'}\"  roles: \"[Ljava.lang.Long;@2c5007c9\"', '127.0.0.1', '2018-12-12 14:50:58', '内网IP|0|0|内网IP|内网IP');
INSERT INTO `t_log` VALUES ('30', 'mrbird', '获取用户信息', '5', 'cc.mrbird.web.controller.system.UserController.userList()', 'request: \"QueryRequest{pageSize=10, pageNum=1}\"  user: \"MyUser{userId=null, username=\'\', password=\'null\', deptId=null, deptName=\'null\', email=\'null\', mobile=\'null\', status=\'\', crateTime=null, modifyTime=null, lastLoginTime=null, ssex=\'\', theme=\'null\', avatar=\'null\', description=\'null\', roleName=\'null\'}\"', '127.0.0.1', '2018-12-12 14:50:58', '内网IP|0|0|内网IP|内网IP');
INSERT INTO `t_log` VALUES ('31', 'test', '获取用户信息', '4', 'cc.mrbird.web.controller.system.UserController.userList()', 'request: \"QueryRequest{pageSize=10, pageNum=1}\"  user: \"MyUser{userId=null, username=\'\', password=\'null\', deptId=null, deptName=\'null\', email=\'null\', mobile=\'null\', status=\'\', crateTime=null, modifyTime=null, lastLoginTime=null, ssex=\'\', theme=\'null\', avatar=\'null\', description=\'null\', roleName=\'null\'}\"', '127.0.0.1', '2018-12-12 14:51:15', '内网IP|0|0|内网IP|内网IP');
INSERT INTO `t_log` VALUES ('32', 'test', '获取用户信息', '3', 'cc.mrbird.web.controller.system.UserController.userList()', 'request: \"QueryRequest{pageSize=10, pageNum=1}\"  user: \"MyUser{userId=null, username=\'\', password=\'null\', deptId=null, deptName=\'null\', email=\'null\', mobile=\'null\', status=\'\', crateTime=null, modifyTime=null, lastLoginTime=null, ssex=\'\', theme=\'null\', avatar=\'null\', description=\'null\', roleName=\'null\'}\"', '127.0.0.1', '2018-12-12 14:51:24', '内网IP|0|0|内网IP|内网IP');
INSERT INTO `t_log` VALUES ('33', 'test', '更换主题', '38', 'cc.mrbird.web.controller.system.UserController.updateTheme()', 'user: \"MyUser{userId=null, username=\'test\', password=\'null\', deptId=null, deptName=\'null\', email=\'null\', mobile=\'null\', status=\'1\', crateTime=null, modifyTime=null, lastLoginTime=null, ssex=\'null\', theme=\'blue\', avatar=\'null\', description=\'null\', roleName=\'null\'}\"', '127.0.0.1', '2018-12-12 14:51:59', '内网IP|0|0|内网IP|内网IP');
INSERT INTO `t_log` VALUES ('34', 'mrbird', '更换主题', '44', 'cc.mrbird.web.controller.system.UserController.updateTheme()', 'user: \"MyUser{userId=null, username=\'mrbird\', password=\'null\', deptId=null, deptName=\'null\', email=\'null\', mobile=\'null\', status=\'1\', crateTime=null, modifyTime=null, lastLoginTime=null, ssex=\'null\', theme=\'cyan\', avatar=\'null\', description=\'null\', roleName=\'null\'}\"', '127.0.0.1', '2018-12-12 14:52:17', '内网IP|0|0|内网IP|内网IP');
INSERT INTO `t_log` VALUES ('35', 'mrbird', '获取用户信息', '3', 'cc.mrbird.web.controller.system.UserController.userList()', 'request: \"QueryRequest{pageSize=10, pageNum=1}\"  user: \"MyUser{userId=null, username=\'\', password=\'null\', deptId=null, deptName=\'null\', email=\'null\', mobile=\'null\', status=\'\', crateTime=null, modifyTime=null, lastLoginTime=null, ssex=\'\', theme=\'null\', avatar=\'null\', description=\'null\', roleName=\'null\'}\"', '127.0.0.1', '2018-12-12 14:52:33', '内网IP|0|0|内网IP|内网IP');
INSERT INTO `t_log` VALUES ('36', 'mrbird', '获取角色信息', '0', 'cc.mrbird.web.controller.system.RoleController.index()', '', '127.0.0.1', '2018-12-12 14:52:34', '内网IP|0|0|内网IP|内网IP');
INSERT INTO `t_log` VALUES ('37', 'mrbird', '获取用户信息', '2', 'cc.mrbird.web.controller.system.UserController.userList()', 'request: \"QueryRequest{pageSize=10, pageNum=1}\"  user: \"MyUser{userId=null, username=\'\', password=\'null\', deptId=null, deptName=\'null\', email=\'null\', mobile=\'null\', status=\'\', crateTime=null, modifyTime=null, lastLoginTime=null, ssex=\'\', theme=\'null\', avatar=\'null\', description=\'null\', roleName=\'null\'}\"', '127.0.0.1', '2018-12-12 14:52:35', '内网IP|0|0|内网IP|内网IP');
INSERT INTO `t_log` VALUES ('38', 'mrbird', '获取角色信息', '0', 'cc.mrbird.web.controller.system.RoleController.index()', '', '127.0.0.1', '2018-12-12 14:52:37', '内网IP|0|0|内网IP|内网IP');
INSERT INTO `t_log` VALUES ('39', 'mrbird', '获取用户信息', '12', 'cc.mrbird.web.controller.system.UserController.userList()', 'request: \"QueryRequest{pageSize=10, pageNum=1}\"  user: \"MyUser{userId=null, username=\'\', password=\'null\', deptId=null, deptName=\'null\', email=\'null\', mobile=\'null\', status=\'\', crateTime=null, modifyTime=null, lastLoginTime=null, ssex=\'\', theme=\'null\', avatar=\'null\', description=\'null\', roleName=\'null\'}\"', '127.0.0.1', '2018-12-12 14:52:47', '内网IP|0|0|内网IP|内网IP');
INSERT INTO `t_log` VALUES ('40', 'mrbird', '获取系统所有URL', '0', 'cc.mrbird.web.controller.system.MenuController.getAllUrl()', '', '127.0.0.1', '2018-12-12 14:52:47', '内网IP|0|0|内网IP|内网IP');
INSERT INTO `t_log` VALUES ('41', 'mrbird', '获取角色信息', '0', 'cc.mrbird.web.controller.system.RoleController.index()', '', '127.0.0.1', '2018-12-12 14:52:48', '内网IP|0|0|内网IP|内网IP');
INSERT INTO `t_log` VALUES ('42', 'mrbird', '获取部门信息', '0', 'cc.mrbird.web.controller.system.DeptController.index()', '', '127.0.0.1', '2018-12-12 14:52:49', '内网IP|0|0|内网IP|内网IP');
INSERT INTO `t_log` VALUES ('43', 'mrbird', '获取字典信息', '0', 'cc.mrbird.web.controller.system.DictController.index()', '', '127.0.0.1', '2018-12-12 14:52:50', '内网IP|0|0|内网IP|内网IP');
INSERT INTO `t_log` VALUES ('44', 'mrbird', '获取部门信息', '0', 'cc.mrbird.web.controller.system.DeptController.index()', '', '127.0.0.1', '2018-12-12 14:52:50', '内网IP|0|0|内网IP|内网IP');
INSERT INTO `t_log` VALUES ('45', 'mrbird', '获取系统所有URL', '1', 'cc.mrbird.web.controller.system.MenuController.getAllUrl()', '', '127.0.0.1', '2018-12-12 14:52:52', '内网IP|0|0|内网IP|内网IP');
INSERT INTO `t_log` VALUES ('46', 'mrbird', '获取用户信息', '3', 'cc.mrbird.web.controller.system.UserController.userList()', 'request: \"QueryRequest{pageSize=10, pageNum=1}\"  user: \"MyUser{userId=null, username=\'\', password=\'null\', deptId=null, deptName=\'null\', email=\'null\', mobile=\'null\', status=\'\', crateTime=null, modifyTime=null, lastLoginTime=null, ssex=\'\', theme=\'null\', avatar=\'null\', description=\'null\', roleName=\'null\'}\"', '127.0.0.1', '2018-12-12 14:55:28', '内网IP|0|0|内网IP|内网IP');
INSERT INTO `t_log` VALUES ('47', 'mrbird', '获取角色信息', '0', 'cc.mrbird.web.controller.system.RoleController.index()', '', '127.0.0.1', '2018-12-12 14:55:38', '内网IP|0|0|内网IP|内网IP');
INSERT INTO `t_log` VALUES ('48', 'mrbird', '获取系统所有URL', '1', 'cc.mrbird.web.controller.system.MenuController.getAllUrl()', '', '127.0.0.1', '2018-12-12 14:55:42', '内网IP|0|0|内网IP|内网IP');
INSERT INTO `t_log` VALUES ('49', 'mrbird', '获取部门信息', '0', 'cc.mrbird.web.controller.system.DeptController.index()', '', '127.0.0.1', '2018-12-12 14:55:59', '内网IP|0|0|内网IP|内网IP');
INSERT INTO `t_log` VALUES ('50', 'mrbird', '获取字典信息', '0', 'cc.mrbird.web.controller.system.DictController.index()', '', '127.0.0.1', '2018-12-12 14:56:14', '内网IP|0|0|内网IP|内网IP');
INSERT INTO `t_log` VALUES ('51', 'mrbird', '获取在线用户信息', '0', 'cc.mrbird.web.controller.security.SessionController.online()', '', '127.0.0.1', '2018-12-12 14:56:19', '内网IP|0|0|内网IP|内网IP');
INSERT INTO `t_log` VALUES ('52', 'mrbird', '获取天气信息', '0', 'cc.mrbird.web.controller.others.WeatherController.weather()', '', '127.0.0.1', '2018-12-12 14:56:35', '内网IP|0|0|内网IP|内网IP');
INSERT INTO `t_log` VALUES ('53', 'mrbird', '获取定时任务信息', '0', 'cc.mrbird.web.controller.quartz.JobController.index()', '', '127.0.0.1', '2018-12-12 14:57:20', '内网IP|0|0|内网IP|内网IP');
INSERT INTO `t_log` VALUES ('54', 'mrbird', '获取调度日志信息', '0', 'cc.mrbird.web.controller.quartz.JobLogController.index()', '', '127.0.0.1', '2018-12-12 14:57:47', '内网IP|0|0|内网IP|内网IP');
INSERT INTO `t_log` VALUES ('55', 'mrbird', '获取定时任务信息', '0', 'cc.mrbird.web.controller.quartz.JobController.index()', '', '127.0.0.1', '2018-12-12 15:02:33', '内网IP|0|0|内网IP|内网IP');
INSERT INTO `t_log` VALUES ('56', 'mrbird', '获取系统所有URL', '0', 'cc.mrbird.web.controller.system.MenuController.getAllUrl()', '', '127.0.0.1', '2018-12-12 15:02:55', '内网IP|0|0|内网IP|内网IP');
INSERT INTO `t_log` VALUES ('57', 'mrbird', '获取定时任务信息', '5', 'cc.mrbird.web.controller.quartz.JobController.index()', '', '127.0.0.1', '2018-12-12 16:29:54', '内网IP|0|0|内网IP|内网IP');
INSERT INTO `t_log` VALUES ('58', 'mrbird', '获取调度日志信息', '2', 'cc.mrbird.web.controller.quartz.JobLogController.index()', '', '127.0.0.1', '2018-12-12 16:29:54', '内网IP|0|0|内网IP|内网IP');
INSERT INTO `t_log` VALUES ('59', 'mrbird', '获取用户信息', '36', 'cc.mrbird.web.controller.system.UserController.userList()', 'request: \"QueryRequest{pageSize=10, pageNum=1}\"  user: \"MyUser{userId=null, username=\'\', password=\'null\', deptId=null, deptName=\'null\', email=\'null\', mobile=\'null\', status=\'\', crateTime=null, modifyTime=null, lastLoginTime=null, ssex=\'\', theme=\'null\', avatar=\'null\', description=\'null\', roleName=\'null\'}\"', '127.0.0.1', '2018-12-12 16:30:10', '内网IP|0|0|内网IP|内网IP');
INSERT INTO `t_log` VALUES ('60', 'mrbird', '获取角色信息', '0', 'cc.mrbird.web.controller.system.RoleController.index()', '', '127.0.0.1', '2018-12-12 16:30:11', '内网IP|0|0|内网IP|内网IP');
INSERT INTO `t_log` VALUES ('61', 'mrbird', '获取系统所有URL', '7', 'cc.mrbird.web.controller.system.MenuController.getAllUrl()', '', '127.0.0.1', '2018-12-12 16:30:12', '内网IP|0|0|内网IP|内网IP');
INSERT INTO `t_log` VALUES ('62', 'mrbird', '获取角色信息', '0', 'cc.mrbird.web.controller.system.RoleController.index()', '', '127.0.0.1', '2018-12-12 16:30:13', '内网IP|0|0|内网IP|内网IP');
INSERT INTO `t_log` VALUES ('63', 'mrbird', '获取用户信息', '4', 'cc.mrbird.web.controller.system.UserController.userList()', 'request: \"QueryRequest{pageSize=10, pageNum=1}\"  user: \"MyUser{userId=null, username=\'\', password=\'null\', deptId=null, deptName=\'null\', email=\'null\', mobile=\'null\', status=\'\', crateTime=null, modifyTime=null, lastLoginTime=null, ssex=\'\', theme=\'null\', avatar=\'null\', description=\'null\', roleName=\'null\'}\"', '127.0.0.1', '2018-12-12 16:30:14', '内网IP|0|0|内网IP|内网IP');
INSERT INTO `t_log` VALUES ('64', 'mrbird', '获取系统所有URL', '1', 'cc.mrbird.web.controller.system.MenuController.getAllUrl()', '', '127.0.0.1', '2018-12-12 16:30:17', '内网IP|0|0|内网IP|内网IP');
INSERT INTO `t_log` VALUES ('65', 'mrbird', '获取角色信息', '0', 'cc.mrbird.web.controller.system.RoleController.index()', '', '127.0.0.1', '2018-12-12 16:30:17', '内网IP|0|0|内网IP|内网IP');
INSERT INTO `t_log` VALUES ('66', 'mrbird', '获取系统所有URL', '3', 'cc.mrbird.web.controller.system.MenuController.getAllUrl()', '', '127.0.0.1', '2018-12-12 16:30:27', '内网IP|0|0|内网IP|内网IP');
INSERT INTO `t_log` VALUES ('67', 'mrbird', '获取用户信息', '5', 'cc.mrbird.web.controller.system.UserController.userList()', 'request: \"QueryRequest{pageSize=10, pageNum=1}\"  user: \"MyUser{userId=null, username=\'\', password=\'null\', deptId=null, deptName=\'null\', email=\'null\', mobile=\'null\', status=\'\', crateTime=null, modifyTime=null, lastLoginTime=null, ssex=\'\', theme=\'null\', avatar=\'null\', description=\'null\', roleName=\'null\'}\"', '127.0.0.1', '2018-12-12 16:30:54', '内网IP|0|0|内网IP|内网IP');
INSERT INTO `t_log` VALUES ('68', 'mrbird', '获取角色信息', '0', 'cc.mrbird.web.controller.system.RoleController.index()', '', '127.0.0.1', '2018-12-12 16:30:55', '内网IP|0|0|内网IP|内网IP');
INSERT INTO `t_log` VALUES ('69', 'mrbird', '获取部门信息', '1', 'cc.mrbird.web.controller.system.DeptController.index()', '', '127.0.0.1', '2018-12-12 16:30:56', '内网IP|0|0|内网IP|内网IP');
INSERT INTO `t_log` VALUES ('70', 'mrbird', '获取角色信息', '6', 'cc.mrbird.web.controller.system.RoleController.index()', '', '127.0.0.1', '2018-12-12 16:41:40', '内网IP|0|0|内网IP|内网IP');
INSERT INTO `t_log` VALUES ('71', 'mrbird', '获取系统所有URL', '22', 'cc.mrbird.web.controller.system.MenuController.getAllUrl()', '', '127.0.0.1', '2018-12-12 16:41:42', '内网IP|0|0|内网IP|内网IP');
INSERT INTO `t_log` VALUES ('72', 'mrbird', '获取部门信息', '2', 'cc.mrbird.web.controller.system.DeptController.index()', '', '127.0.0.1', '2018-12-12 16:41:43', '内网IP|0|0|内网IP|内网IP');
INSERT INTO `t_log` VALUES ('73', 'mrbird', '获取系统所有URL', '1', 'cc.mrbird.web.controller.system.MenuController.getAllUrl()', '', '127.0.0.1', '2018-12-12 16:41:46', '内网IP|0|0|内网IP|内网IP');
INSERT INTO `t_log` VALUES ('74', 'mrbird', '获取角色信息', '6', 'cc.mrbird.web.controller.system.RoleController.index()', '', '127.0.0.1', '2018-12-12 16:42:47', '内网IP|0|0|内网IP|内网IP');
INSERT INTO `t_log` VALUES ('75', 'mrbird', '获取用户信息', '22', 'cc.mrbird.web.controller.system.UserController.userList()', 'request: \"QueryRequest{pageSize=10, pageNum=1}\"  user: \"MyUser{userId=null, username=\'\', password=\'null\', deptId=null, deptName=\'null\', email=\'null\', mobile=\'null\', status=\'\', crateTime=null, modifyTime=null, lastLoginTime=null, ssex=\'\', theme=\'null\', avatar=\'null\', description=\'null\', roleName=\'null\'}\"', '127.0.0.1', '2018-12-12 16:42:49', '内网IP|0|0|内网IP|内网IP');
INSERT INTO `t_log` VALUES ('76', 'mrbird', '获取系统所有URL', '23', 'cc.mrbird.web.controller.system.MenuController.getAllUrl()', '', '127.0.0.1', '2018-12-12 16:42:50', '内网IP|0|0|内网IP|内网IP');
INSERT INTO `t_log` VALUES ('77', 'mrbird', '获取部门信息', '0', 'cc.mrbird.web.controller.system.DeptController.index()', '', '127.0.0.1', '2018-12-12 16:44:11', '内网IP|0|0|内网IP|内网IP');
INSERT INTO `t_log` VALUES ('78', 'mrbird', '获取字典信息', '3', 'cc.mrbird.web.controller.system.DictController.index()', '', '127.0.0.1', '2018-12-12 16:44:14', '内网IP|0|0|内网IP|内网IP');
INSERT INTO `t_log` VALUES ('79', 'mrbird', '修改字典', '29', 'cc.mrbird.web.controller.system.DictController.updateDict()', 'dict: \"Dict{dictId=6, keyy=0, valuee=菜单1, tableName=t_menu, fieldName=type}\"', '127.0.0.1', '2018-12-12 16:45:31', '内网IP|0|0|内网IP|内网IP');
INSERT INTO `t_log` VALUES ('80', 'mrbird', '获取系统所有URL', '1', 'cc.mrbird.web.controller.system.MenuController.getAllUrl()', '', '127.0.0.1', '2018-12-12 16:45:34', '内网IP|0|0|内网IP|内网IP');
INSERT INTO `t_log` VALUES ('81', 'mrbird', '获取部门信息', '0', 'cc.mrbird.web.controller.system.DeptController.index()', '', '127.0.0.1', '2018-12-12 16:45:43', '内网IP|0|0|内网IP|内网IP');
INSERT INTO `t_log` VALUES ('82', 'mrbird', '获取字典信息', '0', 'cc.mrbird.web.controller.system.DictController.index()', '', '127.0.0.1', '2018-12-12 16:45:44', '内网IP|0|0|内网IP|内网IP');
INSERT INTO `t_log` VALUES ('83', 'mrbird', '获取调度日志信息', '2', 'cc.mrbird.web.controller.quartz.JobLogController.index()', '', '127.0.0.1', '2018-12-12 16:45:52', '内网IP|0|0|内网IP|内网IP');
INSERT INTO `t_log` VALUES ('84', 'mrbird', '获取定时任务信息', '2', 'cc.mrbird.web.controller.quartz.JobController.index()', '', '127.0.0.1', '2018-12-12 16:45:53', '内网IP|0|0|内网IP|内网IP');
INSERT INTO `t_log` VALUES ('85', 'mrbird', '获取用户信息', '4', 'cc.mrbird.web.controller.system.UserController.userList()', 'request: \"QueryRequest{pageSize=10, pageNum=1}\"  user: \"MyUser{userId=null, username=\'\', password=\'null\', deptId=null, deptName=\'null\', email=\'null\', mobile=\'null\', status=\'\', crateTime=null, modifyTime=null, lastLoginTime=null, ssex=\'\', theme=\'null\', avatar=\'null\', description=\'null\', roleName=\'null\'}\"', '127.0.0.1', '2018-12-12 16:45:57', '内网IP|0|0|内网IP|内网IP');
INSERT INTO `t_log` VALUES ('86', 'mrbird', '获取系统所有URL', '1', 'cc.mrbird.web.controller.system.MenuController.getAllUrl()', '', '127.0.0.1', '2018-12-12 16:45:58', '内网IP|0|0|内网IP|内网IP');
INSERT INTO `t_log` VALUES ('87', 'mrbird', '获取角色信息', '0', 'cc.mrbird.web.controller.system.RoleController.index()', '', '127.0.0.1', '2018-12-12 16:46:06', '内网IP|0|0|内网IP|内网IP');
INSERT INTO `t_log` VALUES ('88', 'mrbird', '获取用户信息', '5', 'cc.mrbird.web.controller.system.UserController.userList()', 'request: \"QueryRequest{pageSize=10, pageNum=1}\"  user: \"MyUser{userId=null, username=\'\', password=\'null\', deptId=null, deptName=\'null\', email=\'null\', mobile=\'null\', status=\'\', crateTime=null, modifyTime=null, lastLoginTime=null, ssex=\'\', theme=\'null\', avatar=\'null\', description=\'null\', roleName=\'null\'}\"', '127.0.0.1', '2018-12-12 16:46:07', '内网IP|0|0|内网IP|内网IP');
INSERT INTO `t_log` VALUES ('89', 'mrbird', '获取在线用户信息', '3', 'cc.mrbird.web.controller.security.SessionController.online()', '', '127.0.0.1', '2018-12-12 16:46:32', '内网IP|0|0|内网IP|内网IP');
INSERT INTO `t_log` VALUES ('90', 'mrbird', '获取在线用户信息', '0', 'cc.mrbird.web.controller.security.SessionController.online()', '', '127.0.0.1', '2018-12-12 16:47:32', '内网IP|0|0|内网IP|内网IP');
INSERT INTO `t_log` VALUES ('91', 'mrbird', '获取用户信息', '5', 'cc.mrbird.web.controller.system.UserController.userList()', 'request: \"QueryRequest{pageSize=10, pageNum=1}\"  user: \"MyUser{userId=null, username=\'\', password=\'null\', deptId=null, deptName=\'null\', email=\'null\', mobile=\'null\', status=\'\', crateTime=null, modifyTime=null, lastLoginTime=null, ssex=\'\', theme=\'null\', avatar=\'null\', description=\'null\', roleName=\'null\'}\"', '127.0.0.1', '2018-12-12 16:47:34', '内网IP|0|0|内网IP|内网IP');
INSERT INTO `t_log` VALUES ('92', 'mrbird', '获取角色信息', '0', 'cc.mrbird.web.controller.system.RoleController.index()', '', '127.0.0.1', '2018-12-12 16:47:35', '内网IP|0|0|内网IP|内网IP');
INSERT INTO `t_log` VALUES ('93', 'mrbird', '获取系统所有URL', '1', 'cc.mrbird.web.controller.system.MenuController.getAllUrl()', '', '127.0.0.1', '2018-12-12 16:47:35', '内网IP|0|0|内网IP|内网IP');
INSERT INTO `t_log` VALUES ('94', 'mrbird', '获取部门信息', '0', 'cc.mrbird.web.controller.system.DeptController.index()', '', '127.0.0.1', '2018-12-12 16:47:35', '内网IP|0|0|内网IP|内网IP');
INSERT INTO `t_log` VALUES ('95', 'mrbird', '获取字典信息', '0', 'cc.mrbird.web.controller.system.DictController.index()', '', '127.0.0.1', '2018-12-12 16:47:36', '内网IP|0|0|内网IP|内网IP');
INSERT INTO `t_log` VALUES ('96', 'mrbird', '获取用户信息', '4', 'cc.mrbird.web.controller.system.UserController.userList()', 'request: \"QueryRequest{pageSize=10, pageNum=1}\"  user: \"MyUser{userId=null, username=\'\', password=\'null\', deptId=null, deptName=\'null\', email=\'null\', mobile=\'null\', status=\'\', crateTime=null, modifyTime=null, lastLoginTime=null, ssex=\'\', theme=\'null\', avatar=\'null\', description=\'null\', roleName=\'null\'}\"', '127.0.0.1', '2018-12-12 16:47:37', '内网IP|0|0|内网IP|内网IP');
INSERT INTO `t_log` VALUES ('97', 'mrbird', '获取角色信息', '6', 'cc.mrbird.web.controller.system.RoleController.index()', '', '127.0.0.1', '2018-12-12 16:57:42', '内网IP|0|0|内网IP|内网IP');
INSERT INTO `t_log` VALUES ('98', 'mrbird', '获取用户信息', '21', 'cc.mrbird.web.controller.system.UserController.userList()', 'request: \"QueryRequest{pageSize=10, pageNum=1}\"  user: \"MyUser{userId=null, username=\'\', password=\'null\', deptId=null, deptName=\'null\', email=\'null\', mobile=\'null\', status=\'\', crateTime=null, modifyTime=null, lastLoginTime=null, ssex=\'\', theme=\'null\', avatar=\'null\', description=\'null\', roleName=\'null\'}\"', '127.0.0.1', '2018-12-12 16:57:43', '内网IP|0|0|内网IP|内网IP');
INSERT INTO `t_log` VALUES ('99', 'mrbird', '获取系统所有URL', '24', 'cc.mrbird.web.controller.system.MenuController.getAllUrl()', '', '127.0.0.1', '2018-12-12 16:57:44', '内网IP|0|0|内网IP|内网IP');
INSERT INTO `t_log` VALUES ('100', 'mrbird', '获取部门信息', '0', 'cc.mrbird.web.controller.system.DeptController.index()', '', '127.0.0.1', '2018-12-12 16:57:44', '内网IP|0|0|内网IP|内网IP');
INSERT INTO `t_log` VALUES ('101', 'mrbird', '更换主题', '52', 'cc.mrbird.web.controller.system.UserController.updateTheme()', 'user: \"MyUser{userId=null, username=\'mrbird\', password=\'null\', deptId=null, deptName=\'null\', email=\'null\', mobile=\'null\', status=\'1\', crateTime=null, modifyTime=null, lastLoginTime=null, ssex=\'null\', theme=\'blue\', avatar=\'null\', description=\'null\', roleName=\'null\'}\"', '127.0.0.1', '2018-12-12 16:57:47', '内网IP|0|0|内网IP|内网IP');
INSERT INTO `t_log` VALUES ('102', 'mrbird', '获取用户信息', '4', 'cc.mrbird.web.controller.system.UserController.userList()', 'request: \"QueryRequest{pageSize=10, pageNum=1}\"  user: \"MyUser{userId=null, username=\'\', password=\'null\', deptId=null, deptName=\'null\', email=\'null\', mobile=\'null\', status=\'\', crateTime=null, modifyTime=null, lastLoginTime=null, ssex=\'\', theme=\'null\', avatar=\'null\', description=\'null\', roleName=\'null\'}\"', '127.0.0.1', '2018-12-12 17:02:36', '内网IP|0|0|内网IP|内网IP');
INSERT INTO `t_log` VALUES ('103', 'mrbird', '获取用户信息', '5', 'cc.mrbird.web.controller.system.UserController.userList()', 'request: \"QueryRequest{pageSize=10, pageNum=1}\"  user: \"MyUser{userId=null, username=\'\', password=\'null\', deptId=null, deptName=\'null\', email=\'null\', mobile=\'null\', status=\'\', crateTime=null, modifyTime=null, lastLoginTime=null, ssex=\'\', theme=\'null\', avatar=\'null\', description=\'null\', roleName=\'null\'}\"', '127.0.0.1', '2018-12-12 17:02:55', '内网IP|0|0|内网IP|内网IP');
INSERT INTO `t_log` VALUES ('104', 'mrbird', '获取用户信息', '21', 'cc.mrbird.web.controller.system.UserController.userList()', 'request: \"QueryRequest{pageSize=10, pageNum=1}\"  user: \"MyUser{userId=null, username=\'s\', password=\'null\', deptId=null, deptName=\'null\', email=\'null\', mobile=\'null\', status=\'\', crateTime=null, modifyTime=null, lastLoginTime=null, ssex=\'\', theme=\'null\', avatar=\'null\', description=\'null\', roleName=\'null\'}\"', '127.0.0.1', '2018-12-12 17:05:59', '内网IP|0|0|内网IP|内网IP');
INSERT INTO `t_log` VALUES ('105', 'mrbird', '获取用户信息', '5', 'cc.mrbird.web.controller.system.UserController.userList()', 'request: \"QueryRequest{pageSize=10, pageNum=1}\"  user: \"MyUser{userId=null, username=\'\', password=\'null\', deptId=null, deptName=\'null\', email=\'null\', mobile=\'null\', status=\'\', crateTime=null, modifyTime=null, lastLoginTime=null, ssex=\'\', theme=\'null\', avatar=\'null\', description=\'null\', roleName=\'null\'}\"', '127.0.0.1', '2018-12-12 17:06:03', '内网IP|0|0|内网IP|内网IP');
INSERT INTO `t_log` VALUES ('106', 'mrbird', '获取用户信息', '5', 'cc.mrbird.web.controller.system.UserController.userList()', 'request: \"QueryRequest{pageSize=10, pageNum=1}\"  user: \"MyUser{userId=null, username=\'test\', password=\'null\', deptId=null, deptName=\'null\', email=\'null\', mobile=\'null\', status=\'\', crateTime=null, modifyTime=null, lastLoginTime=null, ssex=\'\', theme=\'null\', avatar=\'null\', description=\'null\', roleName=\'null\'}\"', '127.0.0.1', '2018-12-12 17:06:09', '内网IP|0|0|内网IP|内网IP');
INSERT INTO `t_log` VALUES ('107', 'mrbird', '获取用户信息', '3', 'cc.mrbird.web.controller.system.UserController.userList()', 'request: \"QueryRequest{pageSize=10, pageNum=1}\"  user: \"MyUser{userId=null, username=\'\', password=\'null\', deptId=null, deptName=\'null\', email=\'null\', mobile=\'null\', status=\'\', crateTime=null, modifyTime=null, lastLoginTime=null, ssex=\'\', theme=\'null\', avatar=\'null\', description=\'null\', roleName=\'null\'}\"', '127.0.0.1', '2018-12-12 17:07:06', '内网IP|0|0|内网IP|内网IP');
INSERT INTO `t_log` VALUES ('108', 'mrbird', '获取在线用户信息', '3', 'cc.mrbird.web.controller.security.SessionController.online()', '', '127.0.0.1', '2018-12-12 17:22:25', '内网IP|0|0|内网IP|内网IP');
INSERT INTO `t_log` VALUES ('109', 'mrbird', '获取在线用户信息', '0', 'cc.mrbird.web.controller.security.SessionController.online()', '', '127.0.0.1', '2018-12-12 17:22:27', '内网IP|0|0|内网IP|内网IP');
INSERT INTO `t_log` VALUES ('110', 'mrbird', '获取天气信息', '2', 'cc.mrbird.web.controller.others.WeatherController.weather()', '', '127.0.0.1', '2018-12-12 17:22:29', '内网IP|0|0|内网IP|内网IP');
INSERT INTO `t_log` VALUES ('111', 'mrbird', '获取每日一文信息', '2', 'cc.mrbird.web.controller.others.ArticleController.index()', '', '127.0.0.1', '2018-12-12 17:22:29', '内网IP|0|0|内网IP|内网IP');
INSERT INTO `t_log` VALUES ('112', 'mrbird', '获取热门电影信息', '2', 'cc.mrbird.web.controller.others.MovieController.movieHot()', '', '127.0.0.1', '2018-12-12 17:22:31', '内网IP|0|0|内网IP|内网IP');
INSERT INTO `t_log` VALUES ('113', 'mrbird', '获取即将上映电影信息', '0', 'cc.mrbird.web.controller.others.MovieController.movieComing()', '', '127.0.0.1', '2018-12-12 17:22:31', '内网IP|0|0|内网IP|内网IP');
INSERT INTO `t_log` VALUES ('114', 'mrbird', '获取定时任务信息', '3', 'cc.mrbird.web.controller.quartz.JobController.index()', '', '127.0.0.1', '2018-12-12 17:22:33', '内网IP|0|0|内网IP|内网IP');
INSERT INTO `t_log` VALUES ('115', 'mrbird', '获取调度日志信息', '2', 'cc.mrbird.web.controller.quartz.JobLogController.index()', '', '127.0.0.1', '2018-12-12 17:22:34', '内网IP|0|0|内网IP|内网IP');
INSERT INTO `t_log` VALUES ('116', 'mrbird', '获取定时任务信息', '0', 'cc.mrbird.web.controller.quartz.JobController.index()', '', '127.0.0.1', '2018-12-12 17:22:37', '内网IP|0|0|内网IP|内网IP');
INSERT INTO `t_log` VALUES ('117', 'mrbird', '获取调度日志信息', '0', 'cc.mrbird.web.controller.quartz.JobLogController.index()', '', '127.0.0.1', '2018-12-12 17:22:38', '内网IP|0|0|内网IP|内网IP');
INSERT INTO `t_log` VALUES ('118', 'mrbird', '获取在线用户信息', '0', 'cc.mrbird.web.controller.security.SessionController.online()', '', '127.0.0.1', '2018-12-12 17:22:49', '内网IP|0|0|内网IP|内网IP');
INSERT INTO `t_log` VALUES ('119', 'mrbird', '获取系统所有URL', '32', 'cc.mrbird.web.controller.system.MenuController.getAllUrl()', '', '127.0.0.1', '2018-12-13 08:26:20', '内网IP|0|0|内网IP|内网IP');
INSERT INTO `t_log` VALUES ('120', 'mrbird', '获取系统所有URL', '1', 'cc.mrbird.web.controller.system.MenuController.getAllUrl()', '', '127.0.0.1', '2018-12-13 08:27:48', '内网IP|0|0|内网IP|内网IP');
INSERT INTO `t_log` VALUES ('121', 'mrbird', '获取系统所有URL', '0', 'cc.mrbird.web.controller.system.MenuController.getAllUrl()', '', '127.0.0.1', '2018-12-13 08:36:00', '内网IP|0|0|内网IP|内网IP');
INSERT INTO `t_log` VALUES ('122', 'mrbird', '获取角色信息', '5', 'cc.mrbird.web.controller.system.RoleController.index()', '', '127.0.0.1', '2018-12-13 08:43:47', '内网IP|0|0|内网IP|内网IP');
INSERT INTO `t_log` VALUES ('123', 'mrbird', '修改角色', '171', 'cc.mrbird.web.controller.system.RoleController.updateRole()', 'role: \"cc.mrbird.system.domain.Role@259d106b\"  menuId: \"[Ljava.lang.Long;@7dc4b408\"', '127.0.0.1', '2018-12-13 08:43:56', '内网IP|0|0|内网IP|内网IP');
INSERT INTO `t_log` VALUES ('124', 'mrbird', '获取用户信息', '51', 'cc.mrbird.web.controller.system.UserController.userList()', 'request: \"QueryRequest{pageSize=10, pageNum=1}\"  user: \"MyUser{userId=null, username=\'\', password=\'null\', deptId=null, deptName=\'null\', email=\'null\', mobile=\'null\', status=\'\', crateTime=null, modifyTime=null, lastLoginTime=null, ssex=\'\', theme=\'null\', avatar=\'null\', description=\'null\', roleName=\'null\'}\"', '127.0.0.1', '2018-12-13 08:44:05', '内网IP|0|0|内网IP|内网IP');
INSERT INTO `t_log` VALUES ('125', 'mrbird', '获取角色信息', '0', 'cc.mrbird.web.controller.system.RoleController.index()', '', '127.0.0.1', '2018-12-13 08:44:07', '内网IP|0|0|内网IP|内网IP');
INSERT INTO `t_log` VALUES ('126', 'mrbird', '修改角色', '78', 'cc.mrbird.web.controller.system.RoleController.updateRole()', 'role: \"cc.mrbird.system.domain.Role@a815634\"  menuId: \"[Ljava.lang.Long;@79eaf991\"', '127.0.0.1', '2018-12-13 08:44:14', '内网IP|0|0|内网IP|内网IP');
INSERT INTO `t_log` VALUES ('127', 'mrbird', '获取系统所有URL', '25', 'cc.mrbird.web.controller.system.MenuController.getAllUrl()', '', '127.0.0.1', '2018-12-13 08:47:33', '内网IP|0|0|内网IP|内网IP');
INSERT INTO `t_log` VALUES ('128', 'mrbird', '获取系统所有URL', '0', 'cc.mrbird.web.controller.system.MenuController.getAllUrl()', '', '127.0.0.1', '2018-12-13 08:48:18', '内网IP|0|0|内网IP|内网IP');
INSERT INTO `t_log` VALUES ('129', 'mrbird', '获取定时任务信息', '3', 'cc.mrbird.web.controller.quartz.JobController.index()', '', '127.0.0.1', '2018-12-13 08:52:39', '内网IP|0|0|内网IP|内网IP');
INSERT INTO `t_log` VALUES ('130', 'mrbird', '获取调度日志信息', '2', 'cc.mrbird.web.controller.quartz.JobLogController.index()', '', '127.0.0.1', '2018-12-13 08:52:40', '内网IP|0|0|内网IP|内网IP');
INSERT INTO `t_log` VALUES ('131', 'mrbird', '获取定时任务信息', '0', 'cc.mrbird.web.controller.quartz.JobController.index()', '', '127.0.0.1', '2018-12-13 09:15:15', '内网IP|0|0|内网IP|内网IP');
INSERT INTO `t_log` VALUES ('132', 'mrbird', '获取调度日志信息', '0', 'cc.mrbird.web.controller.quartz.JobLogController.index()', '', '127.0.0.1', '2018-12-13 09:15:16', '内网IP|0|0|内网IP|内网IP');
INSERT INTO `t_log` VALUES ('133', 'mrbird', '获取定时任务信息', '0', 'cc.mrbird.web.controller.quartz.JobController.index()', '', '127.0.0.1', '2018-12-13 09:15:17', '内网IP|0|0|内网IP|内网IP');
INSERT INTO `t_log` VALUES ('134', 'mrbird', '获取用户信息', '26', 'cc.mrbird.web.controller.system.UserController.userList()', 'request: \"QueryRequest{pageSize=10, pageNum=1}\"  user: \"MyUser{userId=null, username=\'\', password=\'null\', deptId=null, deptName=\'null\', email=\'null\', mobile=\'null\', status=\'\', crateTime=null, modifyTime=null, lastLoginTime=null, ssex=\'\', theme=\'null\', avatar=\'null\', description=\'null\', roleName=\'null\'}\"', '127.0.0.1', '2018-12-13 14:22:11', '内网IP|0|0|内网IP|内网IP');
INSERT INTO `t_log` VALUES ('135', 'mrbird', '获取角色信息', '0', 'cc.mrbird.web.controller.system.RoleController.index()', '', '127.0.0.1', '2018-12-13 14:25:48', '内网IP|0|0|内网IP|内网IP');
INSERT INTO `t_log` VALUES ('136', 'mrbird', '获取系统所有URL', '23', 'cc.mrbird.web.controller.system.MenuController.getAllUrl()', '', '127.0.0.1', '2018-12-13 14:25:49', '内网IP|0|0|内网IP|内网IP');
INSERT INTO `t_log` VALUES ('137', 'mrbird', '获取角色信息', '0', 'cc.mrbird.web.controller.system.RoleController.index()', '', '127.0.0.1', '2018-12-13 14:25:50', '内网IP|0|0|内网IP|内网IP');
INSERT INTO `t_log` VALUES ('138', 'mrbird', '获取用户信息', '4', 'cc.mrbird.web.controller.system.UserController.userList()', 'request: \"QueryRequest{pageSize=10, pageNum=1}\"  user: \"MyUser{userId=null, username=\'\', password=\'null\', deptId=null, deptName=\'null\', email=\'null\', mobile=\'null\', status=\'\', crateTime=null, modifyTime=null, lastLoginTime=null, ssex=\'\', theme=\'null\', avatar=\'null\', description=\'null\', roleName=\'null\'}\"', '127.0.0.1', '2018-12-13 14:25:52', '内网IP|0|0|内网IP|内网IP');
INSERT INTO `t_log` VALUES ('139', 'mrbird', '获取系统所有URL', '35', 'cc.mrbird.web.controller.system.MenuController.getAllUrl()', '', '127.0.0.1', '2018-12-17 16:45:15', '内网IP|0|0|内网IP|内网IP');
INSERT INTO `t_log` VALUES ('140', 'mrbird', '获取角色信息', '3', 'cc.mrbird.web.controller.system.RoleController.index()', '', '127.0.0.1', '2018-12-17 16:46:34', '内网IP|0|0|内网IP|内网IP');
INSERT INTO `t_log` VALUES ('141', 'mrbird', '修改角色', '127', 'cc.mrbird.web.controller.system.RoleController.updateRole()', 'role: \"cc.mrbird.system.domain.Role@1da770c6\"  menuId: \"[Ljava.lang.Long;@762fde3d\"', '127.0.0.1', '2018-12-17 16:46:46', '内网IP|0|0|内网IP|内网IP');
INSERT INTO `t_log` VALUES ('142', 'mrbird', '获取系统所有URL', '27', 'cc.mrbird.web.controller.system.MenuController.getAllUrl()', '', '127.0.0.1', '2018-12-17 17:09:54', '内网IP|0|0|内网IP|内网IP');
INSERT INTO `t_log` VALUES ('143', 'mrbird', '更换主题', '48', 'cc.mrbird.web.controller.system.UserController.updateTheme()', 'user: \"MyUser{userId=null, username=\'mrbird\', password=\'null\', deptId=null, deptName=\'null\', email=\'null\', mobile=\'null\', status=\'1\', crateTime=null, modifyTime=null, lastLoginTime=null, ssex=\'null\', theme=\'cyan\', avatar=\'null\', description=\'null\', roleName=\'null\'}\"', '127.0.0.1', '2018-12-17 17:24:07', '内网IP|0|0|内网IP|内网IP');
INSERT INTO `t_log` VALUES ('144', 'mrbird', '获取定时任务信息', '6', 'cc.mrbird.web.controller.quartz.JobController.index()', '', '127.0.0.1', '2018-12-18 08:34:44', '内网IP|0|0|内网IP|内网IP');
INSERT INTO `t_log` VALUES ('145', 'mrbird', '获取调度日志信息', '2', 'cc.mrbird.web.controller.quartz.JobLogController.index()', '', '127.0.0.1', '2018-12-18 08:34:45', '内网IP|0|0|内网IP|内网IP');
INSERT INTO `t_log` VALUES ('146', 'mrbird', '获取天气信息', '2', 'cc.mrbird.web.controller.others.WeatherController.weather()', '', '127.0.0.1', '2018-12-18 08:34:55', '内网IP|0|0|内网IP|内网IP');
INSERT INTO `t_log` VALUES ('147', 'mrbird', '获取在线用户信息', '2', 'cc.mrbird.web.controller.security.SessionController.online()', '', '127.0.0.1', '2018-12-18 08:34:57', '内网IP|0|0|内网IP|内网IP');
INSERT INTO `t_log` VALUES ('148', 'mrbird', '获取用户信息', '65', 'cc.mrbird.web.controller.system.UserController.userList()', 'request: \"QueryRequest{pageSize=10, pageNum=1}\"  user: \"MyUser{userId=null, username=\'\', password=\'null\', deptId=null, deptName=\'null\', email=\'null\', mobile=\'null\', status=\'\', crateTime=null, modifyTime=null, lastLoginTime=null, ssex=\'\', theme=\'null\', avatar=\'null\', description=\'null\', roleName=\'null\'}\"', '127.0.0.1', '2018-12-18 08:35:05', '内网IP|0|0|内网IP|内网IP');
INSERT INTO `t_log` VALUES ('149', 'mrbird', '获取在线用户信息', '0', 'cc.mrbird.web.controller.security.SessionController.online()', '', '127.0.0.1', '2018-12-18 08:35:48', '内网IP|0|0|内网IP|内网IP');
INSERT INTO `t_log` VALUES ('150', 'mrbird', '获取系统所有URL', '12', 'cc.mrbird.web.controller.system.MenuController.getAllUrl()', '', '127.0.0.1', '2018-12-18 08:35:58', '内网IP|0|0|内网IP|内网IP');
INSERT INTO `t_log` VALUES ('151', 'mrbird', '获取用户信息', '3', 'cc.mrbird.web.controller.system.UserController.userList()', 'request: \"QueryRequest{pageSize=10, pageNum=1}\"  user: \"MyUser{userId=null, username=\'\', password=\'null\', deptId=null, deptName=\'null\', email=\'null\', mobile=\'null\', status=\'\', crateTime=null, modifyTime=null, lastLoginTime=null, ssex=\'\', theme=\'null\', avatar=\'null\', description=\'null\', roleName=\'null\'}\"', '127.0.0.1', '2018-12-18 08:36:16', '内网IP|0|0|内网IP|内网IP');
INSERT INTO `t_log` VALUES ('152', 'mrbird', '获取角色信息', '0', 'cc.mrbird.web.controller.system.RoleController.index()', '', '127.0.0.1', '2018-12-18 08:37:24', '内网IP|0|0|内网IP|内网IP');
INSERT INTO `t_log` VALUES ('153', 'mrbird', '获取系统所有URL', '1', 'cc.mrbird.web.controller.system.MenuController.getAllUrl()', '', '127.0.0.1', '2018-12-18 08:37:25', '内网IP|0|0|内网IP|内网IP');
INSERT INTO `t_log` VALUES ('154', 'mrbird', '获取部门信息', '0', 'cc.mrbird.web.controller.system.DeptController.index()', '', '127.0.0.1', '2018-12-18 08:37:26', '内网IP|0|0|内网IP|内网IP');
INSERT INTO `t_log` VALUES ('155', 'mrbird', '获取角色信息', '0', 'cc.mrbird.web.controller.system.RoleController.index()', '', '127.0.0.1', '2018-12-18 08:37:28', '内网IP|0|0|内网IP|内网IP');
INSERT INTO `t_log` VALUES ('156', 'mrbird', '获取用户信息', '4', 'cc.mrbird.web.controller.system.UserController.userList()', 'request: \"QueryRequest{pageSize=10, pageNum=1}\"  user: \"MyUser{userId=null, username=\'\', password=\'null\', deptId=null, deptName=\'null\', email=\'null\', mobile=\'null\', status=\'\', crateTime=null, modifyTime=null, lastLoginTime=null, ssex=\'\', theme=\'null\', avatar=\'null\', description=\'null\', roleName=\'null\'}\"', '127.0.0.1', '2018-12-18 08:37:28', '内网IP|0|0|内网IP|内网IP');
INSERT INTO `t_log` VALUES ('157', 'mrbird', '获取字典信息', '2', 'cc.mrbird.web.controller.system.DictController.index()', '', '127.0.0.1', '2018-12-18 08:37:30', '内网IP|0|0|内网IP|内网IP');
INSERT INTO `t_log` VALUES ('158', 'mrbird', '获取系统所有URL', '1', 'cc.mrbird.web.controller.system.MenuController.getAllUrl()', '', '127.0.0.1', '2018-12-18 08:37:41', '内网IP|0|0|内网IP|内网IP');
INSERT INTO `t_log` VALUES ('159', 'mrbird', '获取角色信息', '0', 'cc.mrbird.web.controller.system.RoleController.index()', '', '127.0.0.1', '2018-12-18 08:41:34', '内网IP|0|0|内网IP|内网IP');
INSERT INTO `t_log` VALUES ('160', 'mrbird', '修改角色', '132', 'cc.mrbird.web.controller.system.RoleController.updateRole()', 'role: \"cc.mrbird.system.domain.Role@70a02852\"  menuId: \"[Ljava.lang.Long;@776e7856\"', '127.0.0.1', '2018-12-18 08:41:47', '内网IP|0|0|内网IP|内网IP');
INSERT INTO `t_log` VALUES ('161', 'mrbird', '获取系统所有URL', '1', 'cc.mrbird.web.controller.system.MenuController.getAllUrl()', '', '127.0.0.1', '2018-12-18 08:42:56', '内网IP|0|0|内网IP|内网IP');
INSERT INTO `t_log` VALUES ('162', 'mrbird', '获取字典信息', '0', 'cc.mrbird.web.controller.system.DictController.index()', '', '127.0.0.1', '2018-12-18 08:48:50', '内网IP|0|0|内网IP|内网IP');
INSERT INTO `t_log` VALUES ('163', 'mrbird', '获取系统所有URL', '26', 'cc.mrbird.web.controller.system.MenuController.getAllUrl()', '', '127.0.0.1', '2018-12-18 09:12:16', '内网IP|0|0|内网IP|内网IP');
INSERT INTO `t_log` VALUES ('164', 'mrbird', '获取用户信息', '27', 'cc.mrbird.web.controller.system.UserController.userList()', 'request: \"QueryRequest{pageSize=10, pageNum=1}\"  user: \"MyUser{userId=null, username=\'\', password=\'null\', deptId=null, deptName=\'null\', email=\'null\', mobile=\'null\', status=\'\', crateTime=null, modifyTime=null, lastLoginTime=null, ssex=\'\', theme=\'null\', avatar=\'null\', description=\'null\', roleName=\'null\'}\"', '127.0.0.1', '2018-12-18 09:13:06', '内网IP|0|0|内网IP|内网IP');
INSERT INTO `t_log` VALUES ('165', 'mrbird', '获取角色信息', '0', 'cc.mrbird.web.controller.system.RoleController.index()', '', '127.0.0.1', '2018-12-18 09:13:07', '内网IP|0|0|内网IP|内网IP');
INSERT INTO `t_log` VALUES ('166', 'mrbird', '获取系统所有URL', '1', 'cc.mrbird.web.controller.system.MenuController.getAllUrl()', '', '127.0.0.1', '2018-12-18 09:13:19', '内网IP|0|0|内网IP|内网IP');
INSERT INTO `t_log` VALUES ('167', 'mrbird', '获取用户信息', '4', 'cc.mrbird.web.controller.system.UserController.userList()', 'request: \"QueryRequest{pageSize=10, pageNum=1}\"  user: \"MyUser{userId=null, username=\'\', password=\'null\', deptId=null, deptName=\'null\', email=\'null\', mobile=\'null\', status=\'\', crateTime=null, modifyTime=null, lastLoginTime=null, ssex=\'\', theme=\'null\', avatar=\'null\', description=\'null\', roleName=\'null\'}\"', '127.0.0.1', '2018-12-18 09:13:19', '内网IP|0|0|内网IP|内网IP');
INSERT INTO `t_log` VALUES ('168', 'mrbird', '获取角色信息', '0', 'cc.mrbird.web.controller.system.RoleController.index()', '', '127.0.0.1', '2018-12-18 09:13:23', '内网IP|0|0|内网IP|内网IP');
INSERT INTO `t_log` VALUES ('169', 'mrbird', '获取用户信息', '16', 'cc.mrbird.web.controller.system.UserController.userList()', 'request: \"QueryRequest{pageSize=10, pageNum=1}\"  user: \"MyUser{userId=null, username=\'\', password=\'null\', deptId=null, deptName=\'null\', email=\'null\', mobile=\'null\', status=\'\', crateTime=null, modifyTime=null, lastLoginTime=null, ssex=\'\', theme=\'null\', avatar=\'null\', description=\'null\', roleName=\'null\'}\"', '127.0.0.1', '2018-12-18 11:59:45', '内网IP|0|0|内网IP|内网IP');
INSERT INTO `t_log` VALUES ('170', 'mrbird', '获取系统所有URL', '23', 'cc.mrbird.web.controller.system.MenuController.getAllUrl()', '', '127.0.0.1', '2018-12-18 12:05:31', '内网IP|0|0|内网IP|内网IP');
INSERT INTO `t_log` VALUES ('171', 'mrbird', '获取部门信息', '0', 'cc.mrbird.web.controller.system.DeptController.index()', '', '127.0.0.1', '2018-12-18 12:05:32', '内网IP|0|0|内网IP|内网IP');
INSERT INTO `t_log` VALUES ('172', 'mrbird', '获取字典信息', '2', 'cc.mrbird.web.controller.system.DictController.index()', '', '127.0.0.1', '2018-12-18 12:05:34', '内网IP|0|0|内网IP|内网IP');
INSERT INTO `t_log` VALUES ('173', 'mrbird', '获取部门信息', '1', 'cc.mrbird.web.controller.system.DeptController.index()', '', '127.0.0.1', '2018-12-18 12:05:35', '内网IP|0|0|内网IP|内网IP');
INSERT INTO `t_log` VALUES ('174', 'mrbird', '获取角色信息', '0', 'cc.mrbird.web.controller.system.RoleController.index()', '', '127.0.0.1', '2018-12-18 12:05:39', '内网IP|0|0|内网IP|内网IP');
INSERT INTO `t_log` VALUES ('175', 'mrbird', '获取部门信息', '0', 'cc.mrbird.web.controller.system.DeptController.index()', '', '127.0.0.1', '2018-12-18 12:05:40', '内网IP|0|0|内网IP|内网IP');
INSERT INTO `t_log` VALUES ('176', 'mrbird', '获取系统所有URL', '1', 'cc.mrbird.web.controller.system.MenuController.getAllUrl()', '', '127.0.0.1', '2018-12-18 12:06:01', '内网IP|0|0|内网IP|内网IP');
INSERT INTO `t_log` VALUES ('177', 'mrbird', '获取角色信息', '0', 'cc.mrbird.web.controller.system.RoleController.index()', '', '127.0.0.1', '2018-12-18 12:06:05', '内网IP|0|0|内网IP|内网IP');
INSERT INTO `t_log` VALUES ('178', 'mrbird', '获取用户信息', '4', 'cc.mrbird.web.controller.system.UserController.userList()', 'request: \"QueryRequest{pageSize=10, pageNum=1}\"  user: \"MyUser{userId=null, username=\'\', password=\'null\', deptId=null, deptName=\'null\', email=\'null\', mobile=\'null\', status=\'\', crateTime=null, modifyTime=null, lastLoginTime=null, ssex=\'\', theme=\'null\', avatar=\'null\', description=\'null\', roleName=\'null\'}\"', '127.0.0.1', '2018-12-18 12:06:09', '内网IP|0|0|内网IP|内网IP');
INSERT INTO `t_log` VALUES ('179', 'mrbird', '获取部门信息', '0', 'cc.mrbird.web.controller.system.DeptController.index()', '', '127.0.0.1', '2018-12-18 12:06:21', '内网IP|0|0|内网IP|内网IP');
INSERT INTO `t_log` VALUES ('180', 'mrbird', '获取系统所有URL', '1', 'cc.mrbird.web.controller.system.MenuController.getAllUrl()', '', '127.0.0.1', '2018-12-18 12:06:33', '内网IP|0|0|内网IP|内网IP');
INSERT INTO `t_log` VALUES ('181', 'mrbird', '获取用户信息', '5', 'cc.mrbird.web.controller.system.UserController.userList()', 'request: \"QueryRequest{pageSize=10, pageNum=1}\"  user: \"MyUser{userId=null, username=\'\', password=\'null\', deptId=null, deptName=\'null\', email=\'null\', mobile=\'null\', status=\'\', crateTime=null, modifyTime=null, lastLoginTime=null, ssex=\'\', theme=\'null\', avatar=\'null\', description=\'null\', roleName=\'null\'}\"', '127.0.0.1', '2018-12-18 12:06:35', '内网IP|0|0|内网IP|内网IP');
INSERT INTO `t_log` VALUES ('182', 'mrbird', '获取在线用户信息', '6', 'cc.mrbird.web.controller.security.SessionController.online()', '', '127.0.0.1', '2018-12-18 14:07:35', '内网IP|0|0|内网IP|内网IP');
INSERT INTO `t_log` VALUES ('183', 'mrbird', '获取用户信息', '20', 'cc.mrbird.web.controller.system.UserController.userList()', 'request: \"QueryRequest{pageSize=10, pageNum=1}\"  user: \"MyUser{userId=null, username=\'\', password=\'null\', deptId=null, deptName=\'null\', email=\'null\', mobile=\'null\', status=\'\', crateTime=null, modifyTime=null, lastLoginTime=null, ssex=\'\', theme=\'null\', avatar=\'null\', description=\'null\', roleName=\'null\'}\"', '127.0.0.1', '2018-12-18 14:07:41', '内网IP|0|0|内网IP|内网IP');
INSERT INTO `t_log` VALUES ('184', 'mrbird', '获取角色信息', '0', 'cc.mrbird.web.controller.system.RoleController.index()', '', '127.0.0.1', '2018-12-18 14:07:49', '内网IP|0|0|内网IP|内网IP');
INSERT INTO `t_log` VALUES ('185', 'mrbird', '获取系统所有URL', '22', 'cc.mrbird.web.controller.system.MenuController.getAllUrl()', '', '127.0.0.1', '2018-12-18 14:07:51', '内网IP|0|0|内网IP|内网IP');
INSERT INTO `t_log` VALUES ('186', 'mrbird', '获取部门信息', '0', 'cc.mrbird.web.controller.system.DeptController.index()', '', '127.0.0.1', '2018-12-18 14:07:52', '内网IP|0|0|内网IP|内网IP');
INSERT INTO `t_log` VALUES ('187', 'mrbird', '获取系统所有URL', '1', 'cc.mrbird.web.controller.system.MenuController.getAllUrl()', '', '127.0.0.1', '2018-12-18 14:07:54', '内网IP|0|0|内网IP|内网IP');
INSERT INTO `t_log` VALUES ('188', 'mrbird', '获取部门信息', '0', 'cc.mrbird.web.controller.system.DeptController.index()', '', '127.0.0.1', '2018-12-18 14:08:00', '内网IP|0|0|内网IP|内网IP');
INSERT INTO `t_log` VALUES ('189', 'mrbird', '获取用户信息', '4', 'cc.mrbird.web.controller.system.UserController.userList()', 'request: \"QueryRequest{pageSize=10, pageNum=1}\"  user: \"MyUser{userId=null, username=\'\', password=\'null\', deptId=null, deptName=\'null\', email=\'null\', mobile=\'null\', status=\'\', crateTime=null, modifyTime=null, lastLoginTime=null, ssex=\'\', theme=\'null\', avatar=\'null\', description=\'null\', roleName=\'null\'}\"', '127.0.0.1', '2018-12-18 14:08:15', '内网IP|0|0|内网IP|内网IP');
INSERT INTO `t_log` VALUES ('190', 'mrbird', '获取角色信息', '0', 'cc.mrbird.web.controller.system.RoleController.index()', '', '127.0.0.1', '2018-12-18 14:08:58', '内网IP|0|0|内网IP|内网IP');
INSERT INTO `t_log` VALUES ('191', 'mrbird', '获取角色信息', '5', 'cc.mrbird.web.controller.system.RoleController.index()', '', '127.0.0.1', '2018-12-18 14:20:26', '内网IP|0|0|内网IP|内网IP');
INSERT INTO `t_log` VALUES ('192', 'mrbird', '获取用户信息', '15', 'cc.mrbird.web.controller.system.UserController.userList()', 'request: \"QueryRequest{pageSize=10, pageNum=1}\"  user: \"MyUser{userId=null, username=\'\', password=\'null\', deptId=null, deptName=\'null\', email=\'null\', mobile=\'null\', status=\'\', crateTime=null, modifyTime=null, lastLoginTime=null, ssex=\'\', theme=\'null\', avatar=\'null\', description=\'null\', roleName=\'null\'}\"', '127.0.0.1', '2018-12-18 15:18:43', '内网IP|0|0|内网IP|内网IP');
INSERT INTO `t_log` VALUES ('193', 'mrbird', '获取系统所有URL', '24', 'cc.mrbird.web.controller.system.MenuController.getAllUrl()', '', '127.0.0.1', '2018-12-18 17:17:55', '内网IP|0|0|内网IP|内网IP');
INSERT INTO `t_log` VALUES ('194', 'mrbird', '获取部门信息', '0', 'cc.mrbird.web.controller.system.DeptController.index()', '', '127.0.0.1', '2018-12-18 17:18:01', '内网IP|0|0|内网IP|内网IP');
INSERT INTO `t_log` VALUES ('195', 'mrbird', '获取系统所有URL', '0', 'cc.mrbird.web.controller.system.MenuController.getAllUrl()', '', '127.0.0.1', '2018-12-18 17:18:17', '内网IP|0|0|内网IP|内网IP');
INSERT INTO `t_log` VALUES ('196', 'mrbird', '获取部门信息', '0', 'cc.mrbird.web.controller.system.DeptController.index()', '', '127.0.0.1', '2018-12-18 17:18:41', '内网IP|0|0|内网IP|内网IP');
INSERT INTO `t_log` VALUES ('197', 'mrbird', '获取在线用户信息', '11', 'cc.mrbird.web.controller.security.SessionController.online()', '', '127.0.0.1', '2018-12-18 17:19:00', '内网IP|0|0|内网IP|内网IP');
INSERT INTO `t_log` VALUES ('198', 'mrbird', '获取天气信息', '2', 'cc.mrbird.web.controller.others.WeatherController.weather()', '', '127.0.0.1', '2018-12-18 17:19:07', '内网IP|0|0|内网IP|内网IP');
INSERT INTO `t_log` VALUES ('199', 'mrbird', '获取定时任务信息', '3', 'cc.mrbird.web.controller.quartz.JobController.index()', '', '127.0.0.1', '2018-12-18 17:19:09', '内网IP|0|0|内网IP|内网IP');
INSERT INTO `t_log` VALUES ('200', 'mrbird', '获取调度日志信息', '2', 'cc.mrbird.web.controller.quartz.JobLogController.index()', '', '127.0.0.1', '2018-12-18 17:19:10', '内网IP|0|0|内网IP|内网IP');
INSERT INTO `t_log` VALUES ('201', 'mrbird', '获取系统所有URL', '36', 'cc.mrbird.web.controller.system.MenuController.getAllUrl()', '', '127.0.0.1', '2018-12-20 12:02:02', '内网IP|0|0|内网IP|内网IP');
INSERT INTO `t_log` VALUES ('202', 'mrbird', '获取角色信息', '6', 'cc.mrbird.web.controller.system.RoleController.index()', '', '127.0.0.1', '2018-12-20 14:22:01', '内网IP|0|0|内网IP|内网IP');
INSERT INTO `t_log` VALUES ('203', 'mrbird', '获取用户信息', '29', 'cc.mrbird.web.controller.system.UserController.userList()', 'request: \"QueryRequest{pageSize=10, pageNum=1}\"  user: \"MyUser{userId=null, username=\'\', password=\'null\', deptId=null, deptName=\'null\', email=\'null\', mobile=\'null\', status=\'\', crateTime=null, modifyTime=null, lastLoginTime=null, ssex=\'\', theme=\'null\', avatar=\'null\', description=\'null\', roleName=\'null\'}\"', '127.0.0.1', '2018-12-20 14:22:07', '内网IP|0|0|内网IP|内网IP');
INSERT INTO `t_log` VALUES ('204', 'mrbird', '获取角色信息', '0', 'cc.mrbird.web.controller.system.RoleController.index()', '', '127.0.0.1', '2018-12-20 14:24:44', '内网IP|0|0|内网IP|内网IP');
INSERT INTO `t_log` VALUES ('205', 'mrbird', '获取部门信息', '0', 'cc.mrbird.web.controller.system.DeptController.index()', '', '127.0.0.1', '2018-12-20 14:27:02', '内网IP|0|0|内网IP|内网IP');
INSERT INTO `t_log` VALUES ('206', 'mrbird', '获取系统所有URL', '23', 'cc.mrbird.web.controller.system.MenuController.getAllUrl()', '', '127.0.0.1', '2018-12-20 14:30:11', '内网IP|0|0|内网IP|内网IP');
INSERT INTO `t_log` VALUES ('207', 'mrbird', '获取系统所有URL', '0', 'cc.mrbird.web.controller.system.MenuController.getAllUrl()', '', '127.0.0.1', '2018-12-20 14:32:27', '内网IP|0|0|内网IP|内网IP');
INSERT INTO `t_log` VALUES ('208', 'mrbird', '获取角色信息', '0', 'cc.mrbird.web.controller.system.RoleController.index()', '', '127.0.0.1', '2018-12-20 14:32:45', '内网IP|0|0|内网IP|内网IP');
INSERT INTO `t_log` VALUES ('209', 'mrbird', '获取系统所有URL', '1', 'cc.mrbird.web.controller.system.MenuController.getAllUrl()', '', '127.0.0.1', '2018-12-20 14:32:46', '内网IP|0|0|内网IP|内网IP');
INSERT INTO `t_log` VALUES ('210', 'mrbird', '获取系统所有URL', '1', 'cc.mrbird.web.controller.system.MenuController.getAllUrl()', '', '127.0.0.1', '2018-12-20 14:33:09', '内网IP|0|0|内网IP|内网IP');
INSERT INTO `t_log` VALUES ('211', 'mrbird', '获取系统所有URL', '1', 'cc.mrbird.web.controller.system.MenuController.getAllUrl()', '', '127.0.0.1', '2018-12-20 14:33:34', '内网IP|0|0|内网IP|内网IP');
INSERT INTO `t_log` VALUES ('212', 'mrbird', '获取系统所有URL', '25', 'cc.mrbird.web.controller.system.MenuController.getAllUrl()', '', '127.0.0.1', '2018-12-20 14:36:57', '内网IP|0|0|内网IP|内网IP');
INSERT INTO `t_log` VALUES ('213', 'mrbird', '获取系统所有URL', '1', 'cc.mrbird.web.controller.system.MenuController.getAllUrl()', '', '127.0.0.1', '2018-12-20 14:38:13', '内网IP|0|0|内网IP|内网IP');
INSERT INTO `t_log` VALUES ('214', 'mrbird', '获取系统所有URL', '1', 'cc.mrbird.web.controller.system.MenuController.getAllUrl()', '', '127.0.0.1', '2018-12-20 14:38:49', '内网IP|0|0|内网IP|内网IP');
INSERT INTO `t_log` VALUES ('215', 'mrbird', '获取角色信息', '2', 'cc.mrbird.web.controller.system.RoleController.index()', '', '127.0.0.1', '2018-12-20 14:39:04', '内网IP|0|0|内网IP|内网IP');
INSERT INTO `t_log` VALUES ('216', 'mrbird', '修改角色', '140', 'cc.mrbird.web.controller.system.RoleController.updateRole()', 'role: \"cc.mrbird.system.domain.Role@3ed2caf1\"  menuId: \"[Ljava.lang.Long;@1641f576\"', '127.0.0.1', '2018-12-20 14:39:11', '内网IP|0|0|内网IP|内网IP');
INSERT INTO `t_log` VALUES ('217', 'mrbird', '获取角色信息', '0', 'cc.mrbird.web.controller.system.RoleController.index()', '', '127.0.0.1', '2018-12-20 14:39:21', '内网IP|0|0|内网IP|内网IP');
INSERT INTO `t_log` VALUES ('218', 'mrbird', '修改角色', '61', 'cc.mrbird.web.controller.system.RoleController.updateRole()', 'role: \"cc.mrbird.system.domain.Role@1523d790\"  menuId: \"[Ljava.lang.Long;@6f0fa124\"', '127.0.0.1', '2018-12-20 14:39:28', '内网IP|0|0|内网IP|内网IP');
INSERT INTO `t_log` VALUES ('219', 'mrbird', '获取系统所有URL', '24', 'cc.mrbird.web.controller.system.MenuController.getAllUrl()', '', '127.0.0.1', '2018-12-20 15:07:14', '内网IP|0|0|内网IP|内网IP');
INSERT INTO `t_log` VALUES ('220', 'mrbird', '获取角色信息', '3', 'cc.mrbird.web.controller.system.RoleController.index()', '', '127.0.0.1', '2018-12-20 15:13:30', '内网IP|0|0|内网IP|内网IP');
INSERT INTO `t_log` VALUES ('221', 'mrbird', '修改角色', '125', 'cc.mrbird.web.controller.system.RoleController.updateRole()', 'role: \"cc.mrbird.system.domain.Role@5c4be59\"  menuId: \"[Ljava.lang.Long;@712fe7c3\"', '127.0.0.1', '2018-12-20 15:13:38', '内网IP|0|0|内网IP|内网IP');
INSERT INTO `t_log` VALUES ('222', 'mrbird', '更换主题', '68', 'cc.mrbird.web.controller.system.UserController.updateTheme()', 'user: \"MyUser{userId=null, username=\'mrbird\', password=\'null\', deptId=null, deptName=\'null\', email=\'null\', mobile=\'null\', status=\'1\', crateTime=null, modifyTime=null, lastLoginTime=null, ssex=\'null\', theme=\'blue\', avatar=\'null\', description=\'null\', roleName=\'null\'}\"', '127.0.0.1', '2018-12-20 15:27:21', '内网IP|0|0|内网IP|内网IP');
INSERT INTO `t_log` VALUES ('223', 'mrbird', '更换主题', '336', 'cc.mrbird.web.controller.system.UserController.updateTheme()', 'user: \"MyUser{userId=null, username=\'mrbird\', password=\'null\', deptId=null, deptName=\'null\', email=\'null\', mobile=\'null\', status=\'1\', crateTime=null, modifyTime=null, lastLoginTime=null, ssex=\'null\', theme=\'lime\', avatar=\'null\', description=\'null\', roleName=\'null\'}\"', '127.0.0.1', '2018-12-20 15:27:23', '内网IP|0|0|内网IP|内网IP');
INSERT INTO `t_log` VALUES ('224', 'mrbird', '获取部门信息', '0', 'cc.mrbird.web.controller.system.DeptController.index()', '', '127.0.0.1', '2018-12-20 15:29:40', '内网IP|0|0|内网IP|内网IP');
INSERT INTO `t_log` VALUES ('225', 'mrbird', '获取角色信息', '3', 'cc.mrbird.web.controller.system.RoleController.index()', '', '127.0.0.1', '2018-12-20 15:30:30', '内网IP|0|0|内网IP|内网IP');
INSERT INTO `t_log` VALUES ('226', 'mrbird', '获取部门信息', '0', 'cc.mrbird.web.controller.system.DeptController.index()', '', '127.0.0.1', '2018-12-20 15:30:40', '内网IP|0|0|内网IP|内网IP');
INSERT INTO `t_log` VALUES ('227', 'mrbird', '获取角色信息', '1', 'cc.mrbird.web.controller.system.RoleController.index()', '', '127.0.0.1', '2018-12-20 15:31:02', '内网IP|0|0|内网IP|内网IP');
INSERT INTO `t_log` VALUES ('228', 'mrbird', '获取系统所有URL', '23', 'cc.mrbird.web.controller.system.MenuController.getAllUrl()', '', '127.0.0.1', '2018-12-20 15:31:23', '内网IP|0|0|内网IP|内网IP');
INSERT INTO `t_log` VALUES ('229', 'mrbird', '获取角色信息', '0', 'cc.mrbird.web.controller.system.RoleController.index()', '', '127.0.0.1', '2018-12-20 15:31:24', '内网IP|0|0|内网IP|内网IP');
INSERT INTO `t_log` VALUES ('230', 'mrbird', '获取系统所有URL', '1', 'cc.mrbird.web.controller.system.MenuController.getAllUrl()', '', '127.0.0.1', '2018-12-20 15:31:25', '内网IP|0|0|内网IP|内网IP');
INSERT INTO `t_log` VALUES ('231', 'mrbird', '获取部门信息', '0', 'cc.mrbird.web.controller.system.DeptController.index()', '', '127.0.0.1', '2018-12-20 15:31:27', '内网IP|0|0|内网IP|内网IP');
INSERT INTO `t_log` VALUES ('232', 'mrbird', '修改部门', '37', 'cc.mrbird.web.controller.system.DeptController.updateRole()', 'dept: \"cc.mrbird.system.domain.Dept@6dfdb637\"', '127.0.0.1', '2018-12-20 15:31:50', '内网IP|0|0|内网IP|内网IP');
INSERT INTO `t_log` VALUES ('233', 'mrbird', '新增部门', '46', 'cc.mrbird.web.controller.system.DeptController.addRole()', 'dept: \"cc.mrbird.system.domain.Dept@1d2e493e\"', '127.0.0.1', '2018-12-20 15:32:12', '内网IP|0|0|内网IP|内网IP');
INSERT INTO `t_log` VALUES ('234', 'mrbird', '获取用户信息', '9', 'cc.mrbird.web.controller.system.UserController.userList()', 'request: \"QueryRequest{pageSize=10, pageNum=1}\"  user: \"MyUser{userId=null, username=\'\', password=\'null\', deptId=null, deptName=\'null\', email=\'null\', mobile=\'null\', status=\'\', crateTime=null, modifyTime=null, lastLoginTime=null, ssex=\'\', theme=\'null\', avatar=\'null\', description=\'null\', roleName=\'null\'}\"', '127.0.0.1', '2018-12-20 15:32:23', '内网IP|0|0|内网IP|内网IP');
INSERT INTO `t_log` VALUES ('235', 'mrbird', '获取部门信息', '0', 'cc.mrbird.web.controller.system.DeptController.index()', '', '127.0.0.1', '2018-12-20 15:32:37', '内网IP|0|0|内网IP|内网IP');
INSERT INTO `t_log` VALUES ('236', 'mrbird', '新增部门', '42', 'cc.mrbird.web.controller.system.DeptController.addRole()', 'dept: \"cc.mrbird.system.domain.Dept@326fa4f3\"', '127.0.0.1', '2018-12-20 15:32:57', '内网IP|0|0|内网IP|内网IP');
INSERT INTO `t_log` VALUES ('237', 'mrbird', '获取角色信息', '0', 'cc.mrbird.web.controller.system.RoleController.index()', '', '127.0.0.1', '2018-12-20 15:33:32', '内网IP|0|0|内网IP|内网IP');
INSERT INTO `t_log` VALUES ('238', 'mrbird', '获取系统所有URL', '1', 'cc.mrbird.web.controller.system.MenuController.getAllUrl()', '', '127.0.0.1', '2018-12-20 15:33:34', '内网IP|0|0|内网IP|内网IP');
INSERT INTO `t_log` VALUES ('239', 'mrbird', '获取部门信息', '0', 'cc.mrbird.web.controller.system.DeptController.index()', '', '127.0.0.1', '2018-12-20 15:33:34', '内网IP|0|0|内网IP|内网IP');
INSERT INTO `t_log` VALUES ('240', 'mrbird', '新增部门', '46', 'cc.mrbird.web.controller.system.DeptController.addRole()', 'dept: \"cc.mrbird.system.domain.Dept@1203d312\"', '127.0.0.1', '2018-12-20 15:33:43', '内网IP|0|0|内网IP|内网IP');
INSERT INTO `t_log` VALUES ('241', 'mrbird', '新增部门', '35', 'cc.mrbird.web.controller.system.DeptController.addRole()', 'dept: \"cc.mrbird.system.domain.Dept@5ed35619\"', '127.0.0.1', '2018-12-20 15:34:16', '内网IP|0|0|内网IP|内网IP');
INSERT INTO `t_log` VALUES ('242', 'mrbird', '获取角色信息', '0', 'cc.mrbird.web.controller.system.RoleController.index()', '', '127.0.0.1', '2018-12-20 15:34:23', '内网IP|0|0|内网IP|内网IP');
INSERT INTO `t_log` VALUES ('243', 'mrbird', '新增角色', '36', 'cc.mrbird.web.controller.system.RoleController.addRole()', 'role: \"cc.mrbird.system.domain.Role@5b5996ce\"  menuId: \"[Ljava.lang.Long;@a7a2d70\"', '127.0.0.1', '2018-12-20 15:34:58', '内网IP|0|0|内网IP|内网IP');
INSERT INTO `t_log` VALUES ('244', 'mrbird', '获取系统所有URL', '1', 'cc.mrbird.web.controller.system.MenuController.getAllUrl()', '', '127.0.0.1', '2018-12-20 15:39:14', '内网IP|0|0|内网IP|内网IP');
INSERT INTO `t_log` VALUES ('245', 'mrbird', '获取系统所有URL', '25', 'cc.mrbird.web.controller.system.MenuController.getAllUrl()', '', '127.0.0.1', '2018-12-20 15:40:30', '内网IP|0|0|内网IP|内网IP');
INSERT INTO `t_log` VALUES ('246', 'mrbird', '更换主题', '54', 'cc.mrbird.web.controller.system.UserController.updateTheme()', 'user: \"MyUser{userId=null, username=\'mrbird\', password=\'null\', deptId=null, deptName=\'null\', email=\'null\', mobile=\'null\', status=\'1\', crateTime=null, modifyTime=null, lastLoginTime=null, ssex=\'null\', theme=\'indigo\', avatar=\'null\', description=\'null\', roleName=\'null\'}\"', '127.0.0.1', '2018-12-20 15:46:17', '内网IP|0|0|内网IP|内网IP');
INSERT INTO `t_log` VALUES ('247', 'mrbird', '获取用户信息', '21', 'cc.mrbird.web.controller.system.UserController.userList()', 'request: \"QueryRequest{pageSize=10, pageNum=1}\"  user: \"MyUser{userId=null, username=\'\', password=\'null\', deptId=null, deptName=\'null\', email=\'null\', mobile=\'null\', status=\'\', crateTime=null, modifyTime=null, lastLoginTime=null, ssex=\'\', theme=\'null\', avatar=\'null\', description=\'null\', roleName=\'null\'}\"', '127.0.0.1', '2018-12-20 15:47:48', '内网IP|0|0|内网IP|内网IP');
INSERT INTO `t_log` VALUES ('248', 'mrbird', '获取在线用户信息', '2', 'cc.mrbird.web.controller.security.SessionController.online()', '', '127.0.0.1', '2018-12-20 15:50:11', '内网IP|0|0|内网IP|内网IP');
INSERT INTO `t_log` VALUES ('249', 'mrbird', '获取用户信息', '4', 'cc.mrbird.web.controller.system.UserController.userList()', 'request: \"QueryRequest{pageSize=10, pageNum=1}\"  user: \"MyUser{userId=null, username=\'\', password=\'null\', deptId=null, deptName=\'null\', email=\'null\', mobile=\'null\', status=\'\', crateTime=null, modifyTime=null, lastLoginTime=null, ssex=\'\', theme=\'null\', avatar=\'null\', description=\'null\', roleName=\'null\'}\"', '127.0.0.1', '2018-12-20 15:50:30', '内网IP|0|0|内网IP|内网IP');
INSERT INTO `t_log` VALUES ('250', 'mrbird', '获取用户信息', '4', 'cc.mrbird.web.controller.system.UserController.userList()', 'request: \"QueryRequest{pageSize=10, pageNum=1}\"  user: \"MyUser{userId=null, username=\'\', password=\'null\', deptId=null, deptName=\'null\', email=\'null\', mobile=\'null\', status=\'\', crateTime=null, modifyTime=null, lastLoginTime=null, ssex=\'\', theme=\'null\', avatar=\'null\', description=\'null\', roleName=\'null\'}\"', '127.0.0.1', '2018-12-20 15:54:21', '内网IP|0|0|内网IP|内网IP');
INSERT INTO `t_log` VALUES ('251', 'mrbird', '获取角色信息', '0', 'cc.mrbird.web.controller.system.RoleController.index()', '', '127.0.0.1', '2018-12-20 15:54:21', '内网IP|0|0|内网IP|内网IP');
INSERT INTO `t_log` VALUES ('252', 'mrbird', '获取用户信息', '3', 'cc.mrbird.web.controller.system.UserController.userList()', 'request: \"QueryRequest{pageSize=10, pageNum=1}\"  user: \"MyUser{userId=null, username=\'\', password=\'null\', deptId=null, deptName=\'null\', email=\'null\', mobile=\'null\', status=\'\', crateTime=null, modifyTime=null, lastLoginTime=null, ssex=\'\', theme=\'null\', avatar=\'null\', description=\'null\', roleName=\'null\'}\"', '127.0.0.1', '2018-12-20 15:54:25', '内网IP|0|0|内网IP|内网IP');
INSERT INTO `t_log` VALUES ('253', 'mrbird', '获取系统所有URL', '1', 'cc.mrbird.web.controller.system.MenuController.getAllUrl()', '', '127.0.0.1', '2018-12-20 15:54:27', '内网IP|0|0|内网IP|内网IP');
INSERT INTO `t_log` VALUES ('254', 'mrbird', '获取定时任务信息', '6', 'cc.mrbird.web.controller.quartz.JobController.index()', '', '127.0.0.1', '2018-12-20 16:31:29', '内网IP|0|0|内网IP|内网IP');
INSERT INTO `t_log` VALUES ('255', 'mrbird', '获取天气信息', '5', 'cc.mrbird.web.controller.others.WeatherController.weather()', '', '127.0.0.1', '2018-12-20 16:45:29', '内网IP|0|0|内网IP|内网IP');
INSERT INTO `t_log` VALUES ('256', 'mrbird', '获取在线用户信息', '2', 'cc.mrbird.web.controller.security.SessionController.online()', '', '127.0.0.1', '2018-12-20 16:45:31', '内网IP|0|0|内网IP|内网IP');
INSERT INTO `t_log` VALUES ('257', 'mrbird', '获取在线用户信息', '5', 'cc.mrbird.web.controller.security.SessionController.online()', '', '127.0.0.1', '2018-12-20 17:04:33', '内网IP|0|0|内网IP|内网IP');
INSERT INTO `t_log` VALUES ('258', 'mrbird', '获取在线用户信息', '0', 'cc.mrbird.web.controller.security.SessionController.online()', '', '127.0.0.1', '2018-12-20 17:04:40', '内网IP|0|0|内网IP|内网IP');
INSERT INTO `t_log` VALUES ('259', 'mrbird', '获取角色信息', '2', 'cc.mrbird.web.controller.system.RoleController.index()', '', '127.0.0.1', '2018-12-20 17:05:11', '内网IP|0|0|内网IP|内网IP');
INSERT INTO `t_log` VALUES ('260', 'mrbird', '修改角色', '148', 'cc.mrbird.web.controller.system.RoleController.updateRole()', 'role: \"cc.mrbird.system.domain.Role@695616ea\"  menuId: \"[Ljava.lang.Long;@2230919e\"', '127.0.0.1', '2018-12-20 17:05:21', '内网IP|0|0|内网IP|内网IP');
INSERT INTO `t_log` VALUES ('261', 'mrbird', '获取系统所有URL', '25', 'cc.mrbird.web.controller.system.MenuController.getAllUrl()', '', '127.0.0.1', '2018-12-20 17:39:43', '内网IP|0|0|内网IP|内网IP');
INSERT INTO `t_log` VALUES ('262', 'mrbird', '获取系统所有URL', '36', 'cc.mrbird.web.controller.system.MenuController.getAllUrl()', '', '127.0.0.1', '2018-12-21 10:19:38', '内网IP|0|0|内网IP|内网IP');
INSERT INTO `t_log` VALUES ('263', 'mrbird', '获取用户信息', '42', 'cc.mrbird.web.controller.system.UserController.userList()', 'request: \"QueryRequest{pageSize=10, pageNum=1}\"  user: \"MyUser{userId=null, username=\'\', password=\'null\', deptId=null, deptName=\'null\', email=\'null\', mobile=\'null\', status=\'\', crateTime=null, modifyTime=null, lastLoginTime=null, ssex=\'\', theme=\'null\', avatar=\'null\', description=\'null\', roleName=\'null\'}\"', '127.0.0.1', '2018-12-21 10:46:56', '内网IP|0|0|内网IP|内网IP');
INSERT INTO `t_log` VALUES ('264', 'mrbird', '获取角色信息', '0', 'cc.mrbird.web.controller.system.RoleController.index()', '', '127.0.0.1', '2018-12-21 10:46:59', '内网IP|0|0|内网IP|内网IP');
INSERT INTO `t_log` VALUES ('265', 'mrbird', '获取系统所有URL', '24', 'cc.mrbird.web.controller.system.MenuController.getAllUrl()', '', '127.0.0.1', '2018-12-21 10:47:06', '内网IP|0|0|内网IP|内网IP');
INSERT INTO `t_log` VALUES ('266', 'mrbird', '获取部门信息', '0', 'cc.mrbird.web.controller.system.DeptController.index()', '', '127.0.0.1', '2018-12-21 10:47:12', '内网IP|0|0|内网IP|内网IP');
INSERT INTO `t_log` VALUES ('267', 'mrbird', '获取部门信息', '0', 'cc.mrbird.web.controller.system.DeptController.index()', '', '127.0.0.1', '2018-12-21 10:47:13', '内网IP|0|0|内网IP|内网IP');
INSERT INTO `t_log` VALUES ('268', 'mrbird', '获取字典信息', '3', 'cc.mrbird.web.controller.system.DictController.index()', '', '127.0.0.1', '2018-12-21 10:47:14', '内网IP|0|0|内网IP|内网IP');
INSERT INTO `t_log` VALUES ('269', 'mrbird', '获取在线用户信息', '3', 'cc.mrbird.web.controller.security.SessionController.online()', '', '127.0.0.1', '2018-12-21 10:47:17', '内网IP|0|0|内网IP|内网IP');
INSERT INTO `t_log` VALUES ('270', 'mrbird', '获取定时任务信息', '3', 'cc.mrbird.web.controller.quartz.JobController.index()', '', '127.0.0.1', '2018-12-21 10:47:20', '内网IP|0|0|内网IP|内网IP');
INSERT INTO `t_log` VALUES ('271', 'mrbird', '获取字典信息', '1', 'cc.mrbird.web.controller.system.DictController.index()', '', '127.0.0.1', '2018-12-21 10:47:41', '内网IP|0|0|内网IP|内网IP');
INSERT INTO `t_log` VALUES ('272', 'mrbird', '获取用户信息', '5', 'cc.mrbird.web.controller.system.UserController.userList()', 'request: \"QueryRequest{pageSize=10, pageNum=1}\"  user: \"MyUser{userId=null, username=\'\', password=\'null\', deptId=null, deptName=\'null\', email=\'null\', mobile=\'null\', status=\'\', crateTime=null, modifyTime=null, lastLoginTime=null, ssex=\'\', theme=\'null\', avatar=\'null\', description=\'null\', roleName=\'null\'}\"', '127.0.0.1', '2018-12-21 10:47:50', '内网IP|0|0|内网IP|内网IP');
INSERT INTO `t_log` VALUES ('273', 'mrbird', '获取角色信息', '0', 'cc.mrbird.web.controller.system.RoleController.index()', '', '127.0.0.1', '2018-12-21 10:47:53', '内网IP|0|0|内网IP|内网IP');
INSERT INTO `t_log` VALUES ('274', 'mrbird', '获取系统所有URL', '1', 'cc.mrbird.web.controller.system.MenuController.getAllUrl()', '', '127.0.0.1', '2018-12-21 10:47:54', '内网IP|0|0|内网IP|内网IP');
INSERT INTO `t_log` VALUES ('275', 'mrbird', '获取用户信息', '36', 'cc.mrbird.web.controller.system.UserController.userList()', 'request: \"QueryRequest{pageSize=10, pageNum=1}\"  user: \"MyUser{userId=null, username=\'\', password=\'null\', deptId=null, deptName=\'null\', email=\'null\', mobile=\'null\', status=\'\', crateTime=null, modifyTime=null, lastLoginTime=null, ssex=\'\', theme=\'null\', avatar=\'null\', description=\'null\', roleName=\'null\'}\"', '127.0.0.1', '2018-12-21 14:15:19', '内网IP|0|0|内网IP|内网IP');
INSERT INTO `t_log` VALUES ('276', 'mrbird', '获取角色信息', '0', 'cc.mrbird.web.controller.system.RoleController.index()', '', '127.0.0.1', '2018-12-21 14:15:21', '内网IP|0|0|内网IP|内网IP');
INSERT INTO `t_log` VALUES ('277', 'mrbird', '获取用户信息', '3', 'cc.mrbird.web.controller.system.UserController.userList()', 'request: \"QueryRequest{pageSize=10, pageNum=1}\"  user: \"MyUser{userId=null, username=\'\', password=\'null\', deptId=null, deptName=\'null\', email=\'null\', mobile=\'null\', status=\'\', crateTime=null, modifyTime=null, lastLoginTime=null, ssex=\'\', theme=\'null\', avatar=\'null\', description=\'null\', roleName=\'null\'}\"', '127.0.0.1', '2018-12-21 14:15:22', '内网IP|0|0|内网IP|内网IP');
INSERT INTO `t_log` VALUES ('278', 'mrbird', '获取用户信息', '22', 'cc.mrbird.web.controller.system.UserController.userList()', 'request: \"QueryRequest{pageSize=10, pageNum=1}\"  user: \"MyUser{userId=null, username=\'\', password=\'null\', deptId=null, deptName=\'null\', email=\'null\', mobile=\'null\', status=\'\', crateTime=null, modifyTime=null, lastLoginTime=null, ssex=\'\', theme=\'null\', avatar=\'null\', description=\'null\', roleName=\'null\'}\"', '127.0.0.1', '2018-12-21 14:23:08', '内网IP|0|0|内网IP|内网IP');
INSERT INTO `t_log` VALUES ('279', 'mrbird', '获取在线用户信息', '6', 'cc.mrbird.web.controller.security.SessionController.online()', '', '127.0.0.1', '2018-12-21 14:36:51', '内网IP|0|0|内网IP|内网IP');
INSERT INTO `t_log` VALUES ('280', 'mrbird', '获取用户信息', '22', 'cc.mrbird.web.controller.system.UserController.userList()', 'request: \"QueryRequest{pageSize=10, pageNum=1}\"  user: \"MyUser{userId=null, username=\'\', password=\'null\', deptId=null, deptName=\'null\', email=\'null\', mobile=\'null\', status=\'\', crateTime=null, modifyTime=null, lastLoginTime=null, ssex=\'\', theme=\'null\', avatar=\'null\', description=\'null\', roleName=\'null\'}\"', '127.0.0.1', '2018-12-21 14:36:54', '内网IP|0|0|内网IP|内网IP');
INSERT INTO `t_log` VALUES ('281', 'mrbird', '获取角色信息', '0', 'cc.mrbird.web.controller.system.RoleController.index()', '', '127.0.0.1', '2018-12-21 14:37:09', '内网IP|0|0|内网IP|内网IP');
INSERT INTO `t_log` VALUES ('282', 'mrbird', '获取在线用户信息', '6', 'cc.mrbird.web.controller.security.SessionController.online()', '', '127.0.0.1', '2018-12-21 15:31:52', '内网IP|0|0|内网IP|内网IP');
INSERT INTO `t_log` VALUES ('283', 'mrbird', '获取用户信息', '11', 'cc.mrbird.web.controller.system.UserController.userList()', 'request: \"QueryRequest{pageSize=10, pageNum=1}\"  user: \"MyUser{userId=null, username=\'\', password=\'null\', deptId=null, deptName=\'null\', email=\'null\', mobile=\'null\', status=\'\', crateTime=null, modifyTime=null, lastLoginTime=null, ssex=\'\', theme=\'null\', avatar=\'null\', description=\'null\', roleName=\'null\'}\"', '127.0.0.1', '2018-12-21 15:31:55', '内网IP|0|0|内网IP|内网IP');
INSERT INTO `t_log` VALUES ('284', 'mrbird', '获取角色信息', '0', 'cc.mrbird.web.controller.system.RoleController.index()', '', '127.0.0.1', '2018-12-21 15:34:18', '内网IP|0|0|内网IP|内网IP');
INSERT INTO `t_log` VALUES ('285', 'mrbird', '获取系统所有URL', '24', 'cc.mrbird.web.controller.system.MenuController.getAllUrl()', '', '127.0.0.1', '2018-12-21 15:34:19', '内网IP|0|0|内网IP|内网IP');
INSERT INTO `t_log` VALUES ('286', 'mrbird', '获取定时任务信息', '3', 'cc.mrbird.web.controller.quartz.JobController.index()', '', '127.0.0.1', '2018-12-21 15:34:28', '内网IP|0|0|内网IP|内网IP');
INSERT INTO `t_log` VALUES ('287', 'mrbird', '获取调度日志信息', '3', 'cc.mrbird.web.controller.quartz.JobLogController.index()', '', '127.0.0.1', '2018-12-21 15:34:35', '内网IP|0|0|内网IP|内网IP');
INSERT INTO `t_log` VALUES ('288', 'mrbird', '获取部门信息', '0', 'cc.mrbird.web.controller.system.DeptController.index()', '', '127.0.0.1', '2018-12-21 15:34:59', '内网IP|0|0|内网IP|内网IP');
INSERT INTO `t_log` VALUES ('289', 'mrbird', '获取字典信息', '2', 'cc.mrbird.web.controller.system.DictController.index()', '', '127.0.0.1', '2018-12-21 15:35:02', '内网IP|0|0|内网IP|内网IP');
INSERT INTO `t_log` VALUES ('290', 'mrbird', '获取角色信息', '0', 'cc.mrbird.web.controller.system.RoleController.index()', '', '127.0.0.1', '2018-12-21 15:35:20', '内网IP|0|0|内网IP|内网IP');
INSERT INTO `t_log` VALUES ('291', 'mrbird', '获取用户信息', '4', 'cc.mrbird.web.controller.system.UserController.userList()', 'request: \"QueryRequest{pageSize=10, pageNum=1}\"  user: \"MyUser{userId=null, username=\'\', password=\'null\', deptId=null, deptName=\'null\', email=\'null\', mobile=\'null\', status=\'\', crateTime=null, modifyTime=null, lastLoginTime=null, ssex=\'\', theme=\'null\', avatar=\'null\', description=\'null\', roleName=\'null\'}\"', '127.0.0.1', '2018-12-21 15:35:22', '内网IP|0|0|内网IP|内网IP');
INSERT INTO `t_log` VALUES ('292', 'mrbird', '获取用户信息', '30', 'cc.mrbird.web.controller.system.UserController.userList()', 'request: \"QueryRequest{pageSize=10, pageNum=1}\"  user: \"MyUser{userId=null, username=\'\', password=\'null\', deptId=null, deptName=\'\', email=\'null\', mobile=\'null\', status=\'\', crateTime=null, modifyTime=null, lastLoginTime=null, ssex=\'\', theme=\'null\', avatar=\'null\', description=\'null\', roleName=\'null\'}\"', '127.0.0.1', '2018-12-21 15:42:17', '内网IP|0|0|内网IP|内网IP');
INSERT INTO `t_log` VALUES ('293', 'mrbird', '获取用户信息', '13', 'cc.mrbird.web.controller.system.UserController.userList()', 'request: \"QueryRequest{pageSize=10, pageNum=1}\"  user: \"MyUser{userId=null, username=\'\', password=\'null\', deptId=null, deptName=\'开发部\', email=\'null\', mobile=\'null\', status=\'\', crateTime=null, modifyTime=null, lastLoginTime=null, ssex=\'\', theme=\'null\', avatar=\'null\', description=\'null\', roleName=\'null\'}\"', '127.0.0.1', '2018-12-21 15:42:24', '内网IP|0|0|内网IP|内网IP');
INSERT INTO `t_log` VALUES ('294', 'mrbird', '获取用户信息', '5', 'cc.mrbird.web.controller.system.UserController.userList()', 'request: \"QueryRequest{pageSize=10, pageNum=1}\"  user: \"MyUser{userId=null, username=\'\', password=\'null\', deptId=null, deptName=\'\', email=\'null\', mobile=\'null\', status=\'\', crateTime=null, modifyTime=null, lastLoginTime=null, ssex=\'\', theme=\'null\', avatar=\'null\', description=\'null\', roleName=\'null\'}\"', '127.0.0.1', '2018-12-21 15:42:28', '内网IP|0|0|内网IP|内网IP');
INSERT INTO `t_log` VALUES ('295', 'mrbird', '获取系统所有URL', '24', 'cc.mrbird.web.controller.system.MenuController.getAllUrl()', '', '127.0.0.1', '2018-12-21 16:18:30', '内网IP|0|0|内网IP|内网IP');
INSERT INTO `t_log` VALUES ('296', 'mrbird', '更换主题', '61', 'cc.mrbird.web.controller.system.UserController.updateTheme()', 'user: \"MyUser{userId=null, username=\'mrbird\', password=\'null\', deptId=null, deptName=\'null\', email=\'null\', mobile=\'null\', status=\'1\', crateTime=null, modifyTime=null, lastLoginTime=null, ssex=\'null\', theme=\'blue\', avatar=\'null\', description=\'null\', roleName=\'null\'}\"', '127.0.0.1', '2018-12-21 16:20:52', '内网IP|0|0|内网IP|内网IP');
INSERT INTO `t_log` VALUES ('297', 'mrbird', '更换主题', '40', 'cc.mrbird.web.controller.system.UserController.updateTheme()', 'user: \"MyUser{userId=null, username=\'mrbird\', password=\'null\', deptId=null, deptName=\'null\', email=\'null\', mobile=\'null\', status=\'1\', crateTime=null, modifyTime=null, lastLoginTime=null, ssex=\'null\', theme=\'purple\', avatar=\'null\', description=\'null\', roleName=\'null\'}\"', '127.0.0.1', '2018-12-21 16:20:53', '内网IP|0|0|内网IP|内网IP');
INSERT INTO `t_log` VALUES ('298', 'mrbird', '更换主题', '34', 'cc.mrbird.web.controller.system.UserController.updateTheme()', 'user: \"MyUser{userId=null, username=\'mrbird\', password=\'null\', deptId=null, deptName=\'null\', email=\'null\', mobile=\'null\', status=\'1\', crateTime=null, modifyTime=null, lastLoginTime=null, ssex=\'null\', theme=\'cyan\', avatar=\'null\', description=\'null\', roleName=\'null\'}\"', '127.0.0.1', '2018-12-21 16:20:55', '内网IP|0|0|内网IP|内网IP');
INSERT INTO `t_log` VALUES ('299', 'mrbird', '更换主题', '34', 'cc.mrbird.web.controller.system.UserController.updateTheme()', 'user: \"MyUser{userId=null, username=\'mrbird\', password=\'null\', deptId=null, deptName=\'null\', email=\'null\', mobile=\'null\', status=\'1\', crateTime=null, modifyTime=null, lastLoginTime=null, ssex=\'null\', theme=\'orange\', avatar=\'null\', description=\'null\', roleName=\'null\'}\"', '127.0.0.1', '2018-12-21 16:20:58', '内网IP|0|0|内网IP|内网IP');
INSERT INTO `t_log` VALUES ('300', 'mrbird', '获取定时任务信息', '2', 'cc.mrbird.web.controller.quartz.JobController.index()', '', '127.0.0.1', '2018-12-21 16:21:08', '内网IP|0|0|内网IP|内网IP');
INSERT INTO `t_log` VALUES ('301', 'mrbird', '获取调度日志信息', '3', 'cc.mrbird.web.controller.quartz.JobLogController.index()', '', '127.0.0.1', '2018-12-21 16:21:09', '内网IP|0|0|内网IP|内网IP');
INSERT INTO `t_log` VALUES ('302', 'mrbird', '获取定时任务信息', '0', 'cc.mrbird.web.controller.quartz.JobController.index()', '', '127.0.0.1', '2018-12-21 16:21:11', '内网IP|0|0|内网IP|内网IP');
INSERT INTO `t_log` VALUES ('303', 'mrbird', '获取调度日志信息', '0', 'cc.mrbird.web.controller.quartz.JobLogController.index()', '', '127.0.0.1', '2018-12-21 16:21:19', '内网IP|0|0|内网IP|内网IP');
INSERT INTO `t_log` VALUES ('304', 'mrbird', '获取用户信息', '20', 'cc.mrbird.web.controller.system.UserController.userList()', 'request: \"QueryRequest{pageSize=10, pageNum=1}\"  user: \"MyUser{userId=null, username=\'\', password=\'null\', deptId=null, deptName=\'\', email=\'null\', mobile=\'null\', status=\'\', crateTime=null, modifyTime=null, lastLoginTime=null, ssex=\'\', theme=\'null\', avatar=\'null\', description=\'null\', roleName=\'null\'}\"', '127.0.0.1', '2018-12-21 16:37:21', '内网IP|0|0|内网IP|内网IP');
INSERT INTO `t_log` VALUES ('305', 'mrbird', '获取角色信息', '0', 'cc.mrbird.web.controller.system.RoleController.index()', '', '127.0.0.1', '2018-12-21 16:38:24', '内网IP|0|0|内网IP|内网IP');
INSERT INTO `t_log` VALUES ('306', 'mrbird', '获取部门信息', '14', 'cc.mrbird.web.controller.system.DeptController.index()', '', '127.0.0.1', '2018-12-24 15:53:59', '内网IP|0|0|内网IP|内网IP');
INSERT INTO `t_log` VALUES ('307', 'mrbird', '获取系统所有URL', '30', 'cc.mrbird.web.controller.system.MenuController.getAllUrl()', '', '127.0.0.1', '2018-12-24 15:55:42', '内网IP|0|0|内网IP|内网IP');
INSERT INTO `t_log` VALUES ('308', 'mrbird', '获取角色信息', '3', 'cc.mrbird.web.controller.system.RoleController.index()', '', '127.0.0.1', '2018-12-24 15:56:27', '内网IP|0|0|内网IP|内网IP');
INSERT INTO `t_log` VALUES ('309', 'mrbird', '修改角色', '182', 'cc.mrbird.web.controller.system.RoleController.updateRole()', 'role: \"cc.mrbird.system.domain.Role@74672e28\"  menuId: \"[Ljava.lang.Long;@19775f98\"', '127.0.0.1', '2018-12-24 15:56:38', '内网IP|0|0|内网IP|内网IP');
INSERT INTO `t_log` VALUES ('310', 'mrbird', '获取定时任务信息', '2', 'cc.mrbird.web.controller.quartz.JobController.index()', '', '127.0.0.1', '2018-12-24 15:57:01', '内网IP|0|0|内网IP|内网IP');
INSERT INTO `t_log` VALUES ('311', 'mrbird', '获取调度日志信息', '2', 'cc.mrbird.web.controller.quartz.JobLogController.index()', '', '127.0.0.1', '2018-12-24 15:57:16', '内网IP|0|0|内网IP|内网IP');
INSERT INTO `t_log` VALUES ('312', 'mrbird', '获取在线用户信息', '2', 'cc.mrbird.web.controller.security.SessionController.online()', '', '127.0.0.1', '2018-12-24 15:57:27', '内网IP|0|0|内网IP|内网IP');
INSERT INTO `t_log` VALUES ('313', 'mrbird', '获取用户信息', '25', 'cc.mrbird.web.controller.system.UserController.userList()', 'request: \"QueryRequest{pageSize=10, pageNum=1}\"  user: \"MyUser{userId=null, username=\'\', password=\'null\', deptId=null, deptName=\'\', email=\'null\', mobile=\'null\', status=\'\', crateTime=null, modifyTime=null, lastLoginTime=null, ssex=\'\', theme=\'null\', avatar=\'null\', description=\'null\', roleName=\'null\'}\"', '127.0.0.1', '2018-12-24 15:57:30', '内网IP|0|0|内网IP|内网IP');
INSERT INTO `t_log` VALUES ('314', 'mrbird', '获取角色信息', '0', 'cc.mrbird.web.controller.system.RoleController.index()', '', '127.0.0.1', '2018-12-24 15:57:30', '内网IP|0|0|内网IP|内网IP');
INSERT INTO `t_log` VALUES ('315', 'mrbird', '获取系统所有URL', '1', 'cc.mrbird.web.controller.system.MenuController.getAllUrl()', '', '127.0.0.1', '2018-12-24 15:57:31', '内网IP|0|0|内网IP|内网IP');
INSERT INTO `t_log` VALUES ('316', 'mrbird', '获取部门信息', '0', 'cc.mrbird.web.controller.system.DeptController.index()', '', '127.0.0.1', '2018-12-24 15:57:32', '内网IP|0|0|内网IP|内网IP');
INSERT INTO `t_log` VALUES ('317', 'mrbird', '获取字典信息', '3', 'cc.mrbird.web.controller.system.DictController.index()', '', '127.0.0.1', '2018-12-24 15:57:32', '内网IP|0|0|内网IP|内网IP');
INSERT INTO `t_log` VALUES ('318', 'mrbird', '获取用户信息', '4', 'cc.mrbird.web.controller.system.UserController.userList()', 'request: \"QueryRequest{pageSize=10, pageNum=1}\"  user: \"MyUser{userId=null, username=\'\', password=\'null\', deptId=null, deptName=\'\', email=\'null\', mobile=\'null\', status=\'\', crateTime=null, modifyTime=null, lastLoginTime=null, ssex=\'\', theme=\'null\', avatar=\'null\', description=\'null\', roleName=\'null\'}\"', '127.0.0.1', '2018-12-24 15:57:33', '内网IP|0|0|内网IP|内网IP');
INSERT INTO `t_log` VALUES ('319', 'mrbird', '获取系统所有URL', '1', 'cc.mrbird.web.controller.system.MenuController.getAllUrl()', '', '127.0.0.1', '2018-12-24 15:58:34', '内网IP|0|0|内网IP|内网IP');
INSERT INTO `t_log` VALUES ('320', 'mrbird', '获取角色信息', '0', 'cc.mrbird.web.controller.system.RoleController.index()', '', '127.0.0.1', '2018-12-24 15:58:53', '内网IP|0|0|内网IP|内网IP');
INSERT INTO `t_log` VALUES ('321', 'mrbird', '修改角色', '158', 'cc.mrbird.web.controller.system.RoleController.updateRole()', 'role: \"cc.mrbird.system.domain.Role@13efc717\"  menuId: \"[Ljava.lang.Long;@17ccd476\"', '127.0.0.1', '2018-12-24 15:59:02', '内网IP|0|0|内网IP|内网IP');
INSERT INTO `t_log` VALUES ('322', 'mrbird', '获取系统所有URL', '25', 'cc.mrbird.web.controller.system.MenuController.getAllUrl()', '', '127.0.0.1', '2018-12-24 16:33:23', '内网IP|0|0|内网IP|内网IP');
INSERT INTO `t_log` VALUES ('323', 'mrbird', '获取角色信息', '5', 'cc.mrbird.web.controller.system.RoleController.index()', '', '127.0.0.1', '2018-12-24 17:36:01', '内网IP|0|0|内网IP|内网IP');
INSERT INTO `t_log` VALUES ('324', 'mrbird', '获取用户信息', '22', 'cc.mrbird.web.controller.system.UserController.userList()', 'request: \"QueryRequest{pageSize=10, pageNum=1}\"  user: \"MyUser{userId=null, username=\'\', password=\'null\', deptId=null, deptName=\'\', email=\'null\', mobile=\'null\', status=\'\', crateTime=null, modifyTime=null, lastLoginTime=null, ssex=\'\', theme=\'null\', avatar=\'null\', description=\'null\', roleName=\'null\'}\"', '127.0.0.1', '2018-12-24 17:36:02', '内网IP|0|0|内网IP|内网IP');
INSERT INTO `t_log` VALUES ('325', 'mrbird', '更换主题', '58', 'cc.mrbird.web.controller.system.UserController.updateTheme()', 'user: \"MyUser{userId=null, username=\'mrbird\', password=\'null\', deptId=null, deptName=\'null\', email=\'null\', mobile=\'null\', status=\'1\', crateTime=null, modifyTime=null, lastLoginTime=null, ssex=\'null\', theme=\'blue-grey\', avatar=\'null\', description=\'null\', roleName=\'null\'}\"', '127.0.0.1', '2018-12-26 14:14:24', '内网IP|0|0|内网IP|内网IP');
INSERT INTO `t_log` VALUES ('326', 'mrbird', '获取系统所有URL', '30', 'cc.mrbird.web.controller.system.MenuController.getAllUrl()', '', '127.0.0.1', '2018-12-26 14:14:43', '内网IP|0|0|内网IP|内网IP');
INSERT INTO `t_log` VALUES ('327', 'mrbird', '获取在线用户信息', '5', 'cc.mrbird.web.controller.security.SessionController.online()', '', '127.0.0.1', '2018-12-26 14:28:11', '内网IP|0|0|内网IP|内网IP');
INSERT INTO `t_log` VALUES ('328', 'mrbird', '获取用户信息', '92', 'cc.mrbird.web.controller.system.UserController.userList()', 'request: \"QueryRequest{pageSize=10, pageNum=1}\"  user: \"MyUser{userId=null, username=\'\', password=\'null\', deptId=null, deptName=\'\', email=\'null\', mobile=\'null\', status=\'\', crateTime=null, modifyTime=null, lastLoginTime=null, ssex=\'\', theme=\'null\', avatar=\'null\', description=\'null\', roleName=\'null\'}\"', '127.0.0.1', '2018-12-26 14:28:13', '内网IP|0|0|内网IP|内网IP');
INSERT INTO `t_log` VALUES ('329', 'mrbird', '获取部门信息', '1', 'cc.mrbird.web.controller.system.DeptController.index()', '', '127.0.0.1', '2018-12-26 14:29:37', '内网IP|0|0|内网IP|内网IP');
INSERT INTO `t_log` VALUES ('330', 'mrbird', '获取字典信息', '4', 'cc.mrbird.web.controller.system.DictController.index()', '', '127.0.0.1', '2018-12-26 14:29:47', '内网IP|0|0|内网IP|内网IP');
INSERT INTO `t_log` VALUES ('331', 'mrbird', '获取部门信息', '0', 'cc.mrbird.web.controller.system.DeptController.index()', '', '127.0.0.1', '2018-12-26 14:29:49', '内网IP|0|0|内网IP|内网IP');
INSERT INTO `t_log` VALUES ('332', 'mrbird', '获取系统所有URL', '1', 'cc.mrbird.web.controller.system.MenuController.getAllUrl()', '', '127.0.0.1', '2018-12-26 14:29:50', '内网IP|0|0|内网IP|内网IP');
INSERT INTO `t_log` VALUES ('333', 'mrbird', '获取系统所有URL', '29', 'cc.mrbird.web.controller.system.MenuController.getAllUrl()', '', '127.0.0.1', '2018-12-26 15:37:38', '内网IP|0|0|内网IP|内网IP');
INSERT INTO `t_log` VALUES ('334', 'mrbird', '获取用户信息', '23', 'cc.mrbird.web.controller.system.UserController.userList()', 'request: \"QueryRequest{pageSize=10, pageNum=1}\"  user: \"MyUser{userId=null, username=\'\', password=\'null\', deptId=null, deptName=\'\', email=\'null\', mobile=\'null\', status=\'\', crateTime=null, modifyTime=null, lastLoginTime=null, ssex=\'\', theme=\'null\', avatar=\'null\', description=\'null\', roleName=\'null\'}\"', '127.0.0.1', '2018-12-26 16:59:18', '内网IP|0|0|内网IP|内网IP');
INSERT INTO `t_log` VALUES ('335', 'mrbird', '获取用户信息', '5', 'cc.mrbird.web.controller.system.UserController.userList()', 'request: \"QueryRequest{pageSize=10, pageNum=1}\"  user: \"MyUser{userId=null, username=\'\', password=\'null\', deptId=null, deptName=\'\', email=\'null\', mobile=\'null\', status=\'\', crateTime=null, modifyTime=null, lastLoginTime=null, ssex=\'\', theme=\'null\', avatar=\'null\', description=\'null\', roleName=\'null\'}\"', '127.0.0.1', '2018-12-26 16:59:53', '内网IP|0|0|内网IP|内网IP');
INSERT INTO `t_log` VALUES ('336', 'mrbird', '获取用户信息', '6', 'cc.mrbird.web.controller.system.UserController.userList()', 'request: \"QueryRequest{pageSize=10, pageNum=1}\"  user: \"MyUser{userId=null, username=\'\', password=\'null\', deptId=null, deptName=\'\', email=\'null\', mobile=\'null\', status=\'\', crateTime=null, modifyTime=null, lastLoginTime=null, ssex=\'\', theme=\'null\', avatar=\'null\', description=\'null\', roleName=\'null\'}\"', '127.0.0.1', '2018-12-26 17:00:08', '内网IP|0|0|内网IP|内网IP');
INSERT INTO `t_log` VALUES ('337', 'mrbird', '获取系统所有URL', '31', 'cc.mrbird.web.controller.system.MenuController.getAllUrl()', '', '127.0.0.1', '2018-12-26 17:43:13', '内网IP|0|0|内网IP|内网IP');
INSERT INTO `t_log` VALUES ('338', 'mrbird', '获取用户信息', '49', 'cc.mrbird.web.controller.system.UserController.userList()', 'request: \"QueryRequest{pageSize=10, pageNum=1}\"  user: \"MyUser{userId=null, username=\'\', password=\'null\', deptId=null, deptName=\'\', email=\'null\', mobile=\'null\', status=\'\', crateTime=null, modifyTime=null, lastLoginTime=null, ssex=\'\', theme=\'null\', avatar=\'null\', description=\'null\', roleName=\'null\'}\"', '127.0.0.1', '2018-12-27 17:01:34', '内网IP|0|0|内网IP|内网IP');
INSERT INTO `t_log` VALUES ('339', 'mrbird', '获取用户信息', '27', 'cc.mrbird.web.controller.system.UserController.userList()', 'request: \"QueryRequest{pageSize=10, pageNum=1}\"  user: \"MyUser{userId=null, username=\'\', password=\'null\', deptId=null, deptName=\'\', email=\'null\', mobile=\'null\', status=\'\', crateTime=null, modifyTime=null, lastLoginTime=null, ssex=\'\', theme=\'null\', avatar=\'null\', description=\'null\', roleName=\'null\'}\"', '127.0.0.1', '2018-12-27 17:02:44', '内网IP|0|0|内网IP|内网IP');
INSERT INTO `t_log` VALUES ('340', 'mrbird', '获取角色信息', '6', 'cc.mrbird.web.controller.system.RoleController.index()', '', '127.0.0.1', '2018-12-27 17:04:37', '内网IP|0|0|内网IP|内网IP');
INSERT INTO `t_log` VALUES ('341', 'mrbird', '获取部门信息', '7', 'cc.mrbird.web.controller.system.DeptController.index()', '', '127.0.0.1', '2018-12-28 11:28:56', '内网IP|0|0|内网IP|内网IP');
INSERT INTO `t_log` VALUES ('342', 'mrbird', '获取角色信息', '3', 'cc.mrbird.web.controller.system.RoleController.index()', '', '127.0.0.1', '2018-12-28 11:29:02', '内网IP|0|0|内网IP|内网IP');
INSERT INTO `t_log` VALUES ('343', 'mrbird', '修改角色', '142', 'cc.mrbird.web.controller.system.RoleController.updateRole()', 'role: \"cc.mrbird.system.domain.Role@747b39bb\"  menuId: \"[Ljava.lang.Long;@4baa4c34\"', '127.0.0.1', '2018-12-28 11:29:24', '内网IP|0|0|内网IP|内网IP');
INSERT INTO `t_log` VALUES ('344', 'mrbird', '获取用户信息', '57', 'cc.mrbird.web.controller.system.UserController.userList()', 'request: \"QueryRequest{pageSize=10, pageNum=1}\"  user: \"MyUser{userId=null, username=\'\', password=\'null\', deptId=null, deptName=\'\', email=\'null\', mobile=\'null\', status=\'\', crateTime=null, modifyTime=null, lastLoginTime=null, ssex=\'\', theme=\'null\', avatar=\'null\', description=\'null\', roleName=\'null\'}\"', '127.0.0.1', '2018-12-28 11:29:27', '内网IP|0|0|内网IP|内网IP');
INSERT INTO `t_log` VALUES ('345', 'mrbird', '新增用户', '128', 'cc.mrbird.web.controller.system.UserController.addUser()', 'user: \"MyUser{userId=172, username=\'123456\', password=\'$2a$10$jHoezQgjDQVbWOpfDVKh6uwtd/IQ4mahdKrR1dRSN4wLuCN7yfCr6\', deptId=9, deptName=\'null\', email=\'\', mobile=\'null\', status=\'1\', crateTime=Fri Dec 28 11:30:13 CST 2018, modifyTime=null, lastLoginTime=null, ssex=\'0\', theme=\'green\', avatar=\'default.jpg\', description=\'null\', roleName=\'null\'}\"  roles: \"[Ljava.lang.Long;@5cd84653\"', '127.0.0.1', '2018-12-28 11:30:14', '内网IP|0|0|内网IP|内网IP');
INSERT INTO `t_log` VALUES ('346', 'mrbird', '获取用户信息', '10', 'cc.mrbird.web.controller.system.UserController.userList()', 'request: \"QueryRequest{pageSize=10, pageNum=1}\"  user: \"MyUser{userId=null, username=\'\', password=\'null\', deptId=null, deptName=\'\', email=\'null\', mobile=\'null\', status=\'\', crateTime=null, modifyTime=null, lastLoginTime=null, ssex=\'\', theme=\'null\', avatar=\'null\', description=\'null\', roleName=\'null\'}\"', '127.0.0.1', '2018-12-28 11:30:14', '内网IP|0|0|内网IP|内网IP');
INSERT INTO `t_log` VALUES ('347', 'mrbird', '获取角色信息', '0', 'cc.mrbird.web.controller.system.RoleController.index()', '', '127.0.0.1', '2018-12-28 11:30:48', '内网IP|0|0|内网IP|内网IP');
INSERT INTO `t_log` VALUES ('348', 'mrbird', '修改角色', '144', 'cc.mrbird.web.controller.system.RoleController.updateRole()', 'role: \"cc.mrbird.system.domain.Role@2381ea25\"  menuId: \"[Ljava.lang.Long;@428f247e\"', '127.0.0.1', '2018-12-28 11:30:57', '内网IP|0|0|内网IP|内网IP');
INSERT INTO `t_log` VALUES ('349', 'mrbird', '获取系统所有URL', '35', 'cc.mrbird.web.controller.system.MenuController.getAllUrl()', '', '127.0.0.1', '2018-12-28 11:31:20', '内网IP|0|0|内网IP|内网IP');
INSERT INTO `t_log` VALUES ('350', 'mrbird', '获取用户信息', '5', 'cc.mrbird.web.controller.system.UserController.userList()', 'request: \"QueryRequest{pageSize=10, pageNum=1}\"  user: \"MyUser{userId=null, username=\'\', password=\'null\', deptId=null, deptName=\'\', email=\'null\', mobile=\'null\', status=\'\', crateTime=null, modifyTime=null, lastLoginTime=null, ssex=\'\', theme=\'null\', avatar=\'null\', description=\'null\', roleName=\'null\'}\"', '127.0.0.1', '2018-12-28 11:32:02', '内网IP|0|0|内网IP|内网IP');
INSERT INTO `t_log` VALUES ('351', 'mrbird', '获取角色信息', '0', 'cc.mrbird.web.controller.system.RoleController.index()', '', '127.0.0.1', '2018-12-28 11:32:06', '内网IP|0|0|内网IP|内网IP');
INSERT INTO `t_log` VALUES ('352', 'mrbird', '修改角色', '210', 'cc.mrbird.web.controller.system.RoleController.updateRole()', 'role: \"cc.mrbird.system.domain.Role@6a5a894f\"  menuId: \"[Ljava.lang.Long;@851557b\"', '127.0.0.1', '2018-12-28 11:32:15', '内网IP|0|0|内网IP|内网IP');
INSERT INTO `t_log` VALUES ('353', 'mrbird', '获取系统所有URL', '1', 'cc.mrbird.web.controller.system.MenuController.getAllUrl()', '', '127.0.0.1', '2018-12-28 11:32:17', '内网IP|0|0|内网IP|内网IP');
INSERT INTO `t_log` VALUES ('354', 'mrbird', '获取部门信息', '0', 'cc.mrbird.web.controller.system.DeptController.index()', '', '127.0.0.1', '2018-12-28 11:32:18', '内网IP|0|0|内网IP|内网IP');
INSERT INTO `t_log` VALUES ('355', 'mrbird', '获取字典信息', '2', 'cc.mrbird.web.controller.system.DictController.index()', '', '127.0.0.1', '2018-12-28 11:32:19', '内网IP|0|0|内网IP|内网IP');
INSERT INTO `t_log` VALUES ('356', 'mrbird', '获取部门信息', '0', 'cc.mrbird.web.controller.system.DeptController.index()', '', '127.0.0.1', '2018-12-28 11:32:20', '内网IP|0|0|内网IP|内网IP');
INSERT INTO `t_log` VALUES ('357', 'mrbird', '获取系统所有URL', '1', 'cc.mrbird.web.controller.system.MenuController.getAllUrl()', '', '127.0.0.1', '2018-12-28 11:33:17', '内网IP|0|0|内网IP|内网IP');
INSERT INTO `t_log` VALUES ('358', 'mrbird', '获取部门信息', '0', 'cc.mrbird.web.controller.system.DeptController.index()', '', '127.0.0.1', '2018-12-28 11:33:19', '内网IP|0|0|内网IP|内网IP');
INSERT INTO `t_log` VALUES ('359', 'mrbird', '获取系统所有URL', '27', 'cc.mrbird.web.controller.system.MenuController.getAllUrl()', '', '127.0.0.1', '2018-12-28 11:40:30', '内网IP|0|0|内网IP|内网IP');
INSERT INTO `t_log` VALUES ('360', 'mrbird', '获取部门信息', '2', 'cc.mrbird.web.controller.system.DeptController.index()', '', '127.0.0.1', '2018-12-28 11:41:16', '内网IP|0|0|内网IP|内网IP');
INSERT INTO `t_log` VALUES ('361', 'mrbird', '新增部门', '29', 'cc.mrbird.web.controller.system.DeptController.addRole()', 'dept: \"cc.mrbird.system.domain.Dept@3771fca9\"', '127.0.0.1', '2018-12-28 11:41:46', '内网IP|0|0|内网IP|内网IP');
INSERT INTO `t_log` VALUES ('362', 'mrbird', '获取系统所有URL', '32', 'cc.mrbird.web.controller.system.MenuController.getAllUrl()', '', '127.0.0.1', '2018-12-28 12:11:08', '内网IP|0|0|内网IP|内网IP');
INSERT INTO `t_log` VALUES ('363', 'mrbird', '获取系统所有URL', '1', 'cc.mrbird.web.controller.system.MenuController.getAllUrl()', '', '127.0.0.1', '2018-12-28 12:13:03', '内网IP|0|0|内网IP|内网IP');
INSERT INTO `t_log` VALUES ('364', 'mrbird', '获取学院信息', '0', 'cc.mrbird.web.controller.system.DeptController.index()', '', '127.0.0.1', '2018-12-28 12:13:05', '内网IP|0|0|内网IP|内网IP');
INSERT INTO `t_log` VALUES ('365', 'mrbird', '修改学院', '33', 'cc.mrbird.web.controller.system.DeptController.updateRole()', 'dept: \"cc.mrbird.system.domain.Dept@14b0245e\"', '127.0.0.1', '2018-12-28 12:13:20', '内网IP|0|0|内网IP|内网IP');
INSERT INTO `t_log` VALUES ('366', 'mrbird', '修改学院', '60', 'cc.mrbird.web.controller.system.DeptController.updateRole()', 'dept: \"cc.mrbird.system.domain.Dept@2a0bbc48\"', '127.0.0.1', '2018-12-28 12:13:51', '内网IP|0|0|内网IP|内网IP');
INSERT INTO `t_log` VALUES ('367', 'mrbird', '获取学院信息', '6', 'cc.mrbird.web.controller.system.DeptController.index()', '', '127.0.0.1', '2018-12-28 14:23:03', '内网IP|0|0|内网IP|内网IP');
INSERT INTO `t_log` VALUES ('368', 'mrbird', '修改学院', '46', 'cc.mrbird.web.controller.system.DeptController.updateRole()', 'dept: \"cc.mrbird.system.domain.Dept@da31d34\"', '127.0.0.1', '2018-12-28 14:23:19', '内网IP|0|0|内网IP|内网IP');
INSERT INTO `t_log` VALUES ('369', 'mrbird', '获取用户信息', '45', 'cc.mrbird.web.controller.system.UserController.userList()', 'request: \"QueryRequest{pageSize=10, pageNum=1}\"  user: \"MyUser{userId=null, username=\'\', password=\'null\', deptId=null, deptName=\'\', email=\'null\', mobile=\'null\', status=\'\', crateTime=null, modifyTime=null, lastLoginTime=null, ssex=\'\', theme=\'null\', avatar=\'null\', description=\'null\', roleName=\'null\'}\"', '127.0.0.1', '2018-12-28 14:23:29', '内网IP|0|0|内网IP|内网IP');
INSERT INTO `t_log` VALUES ('370', 'mrbird', '修改用户', '86', 'cc.mrbird.web.controller.system.UserController.updateUser()', 'user: \"MyUser{userId=1, username=\'null\', password=\'null\', deptId=9, deptName=\'null\', email=\'mrbird@qq.com\', mobile=\'null\', status=\'1\', crateTime=null, modifyTime=Fri Dec 28 14:23:38 CST 2018, lastLoginTime=null, ssex=\'2\', theme=\'null\', avatar=\'null\', description=\'null\', roleName=\'null\'}\"  rolesSelect: \"[Ljava.lang.Long;@20a0b068\"', '127.0.0.1', '2018-12-28 14:23:39', '内网IP|0|0|内网IP|内网IP');
INSERT INTO `t_log` VALUES ('371', 'mrbird', '获取用户信息', '5', 'cc.mrbird.web.controller.system.UserController.userList()', 'request: \"QueryRequest{pageSize=10, pageNum=1}\"  user: \"MyUser{userId=null, username=\'\', password=\'null\', deptId=null, deptName=\'\', email=\'null\', mobile=\'null\', status=\'\', crateTime=null, modifyTime=null, lastLoginTime=null, ssex=\'\', theme=\'null\', avatar=\'null\', description=\'null\', roleName=\'null\'}\"', '127.0.0.1', '2018-12-28 14:23:39', '内网IP|0|0|内网IP|内网IP');
INSERT INTO `t_log` VALUES ('372', 'mrbird', '修改用户', '33', 'cc.mrbird.web.controller.system.UserController.updateUser()', 'user: \"MyUser{userId=2, username=\'null\', password=\'null\', deptId=10, deptName=\'null\', email=\'scott@qq.com\', mobile=\'null\', status=\'1\', crateTime=null, modifyTime=Fri Dec 28 14:23:45 CST 2018, lastLoginTime=null, ssex=\'1\', theme=\'null\', avatar=\'null\', description=\'null\', roleName=\'null\'}\"  rolesSelect: \"[Ljava.lang.Long;@3a3d5360\"', '127.0.0.1', '2018-12-28 14:23:46', '内网IP|0|0|内网IP|内网IP');
INSERT INTO `t_log` VALUES ('373', 'mrbird', '获取用户信息', '5', 'cc.mrbird.web.controller.system.UserController.userList()', 'request: \"QueryRequest{pageSize=10, pageNum=1}\"  user: \"MyUser{userId=null, username=\'\', password=\'null\', deptId=null, deptName=\'\', email=\'null\', mobile=\'null\', status=\'\', crateTime=null, modifyTime=null, lastLoginTime=null, ssex=\'\', theme=\'null\', avatar=\'null\', description=\'null\', roleName=\'null\'}\"', '127.0.0.1', '2018-12-28 14:23:46', '内网IP|0|0|内网IP|内网IP');
INSERT INTO `t_log` VALUES ('374', 'mrbird', '修改用户', '49', 'cc.mrbird.web.controller.system.UserController.updateUser()', 'user: \"MyUser{userId=171, username=\'null\', password=\'null\', deptId=11, deptName=\'null\', email=\'123@qq.com\', mobile=\'null\', status=\'1\', crateTime=null, modifyTime=Fri Dec 28 14:23:52 CST 2018, lastLoginTime=null, ssex=\'1\', theme=\'null\', avatar=\'null\', description=\'null\', roleName=\'null\'}\"  rolesSelect: \"[Ljava.lang.Long;@1cb58595\"', '127.0.0.1', '2018-12-28 14:23:52', '内网IP|0|0|内网IP|内网IP');
INSERT INTO `t_log` VALUES ('375', 'mrbird', '获取用户信息', '8', 'cc.mrbird.web.controller.system.UserController.userList()', 'request: \"QueryRequest{pageSize=10, pageNum=1}\"  user: \"MyUser{userId=null, username=\'\', password=\'null\', deptId=null, deptName=\'\', email=\'null\', mobile=\'null\', status=\'\', crateTime=null, modifyTime=null, lastLoginTime=null, ssex=\'\', theme=\'null\', avatar=\'null\', description=\'null\', roleName=\'null\'}\"', '127.0.0.1', '2018-12-28 14:23:52', '内网IP|0|0|内网IP|内网IP');
INSERT INTO `t_log` VALUES ('376', 'mrbird', '获取用户信息', '34', 'cc.mrbird.web.controller.system.UserController.userList()', 'request: \"QueryRequest{pageSize=10, pageNum=1}\"  user: \"MyUser{userId=null, username=\'\', password=\'null\', deptId=null, deptName=\'\', email=\'null\', mobile=\'null\', status=\'\', crateTime=null, modifyTime=null, lastLoginTime=null, ssex=\'\', theme=\'null\', avatar=\'null\', description=\'null\', roleName=\'null\'}\"', '127.0.0.1', '2018-12-28 14:26:54', '内网IP|0|0|内网IP|内网IP');
INSERT INTO `t_log` VALUES ('377', 'mrbird', '获取用户信息', '4', 'cc.mrbird.web.controller.system.UserController.userList()', 'request: \"QueryRequest{pageSize=10, pageNum=1}\"  user: \"MyUser{userId=null, username=\'\', password=\'null\', deptId=null, deptName=\'\', email=\'null\', mobile=\'null\', status=\'\', crateTime=null, modifyTime=null, lastLoginTime=null, ssex=\'\', theme=\'null\', avatar=\'null\', description=\'null\', roleName=\'null\'}\"', '127.0.0.1', '2018-12-28 14:27:43', '内网IP|0|0|内网IP|内网IP');
INSERT INTO `t_log` VALUES ('378', 'mrbird', '获取用户信息', '4', 'cc.mrbird.web.controller.system.UserController.userList()', 'request: \"QueryRequest{pageSize=10, pageNum=1}\"  user: \"MyUser{userId=null, username=\'\', password=\'null\', deptId=null, deptName=\'\', email=\'null\', mobile=\'null\', status=\'\', crateTime=null, modifyTime=null, lastLoginTime=null, ssex=\'\', theme=\'null\', avatar=\'null\', description=\'null\', roleName=\'null\'}\"', '127.0.0.1', '2018-12-28 14:35:24', '内网IP|0|0|内网IP|内网IP');
INSERT INTO `t_log` VALUES ('379', 'mrbird', '获取角色信息', '0', 'cc.mrbird.web.controller.system.RoleController.index()', '', '127.0.0.1', '2018-12-28 14:36:26', '内网IP|0|0|内网IP|内网IP');
INSERT INTO `t_log` VALUES ('380', 'mrbird', '获取用户信息', '5', 'cc.mrbird.web.controller.system.UserController.userList()', 'request: \"QueryRequest{pageSize=10, pageNum=1}\"  user: \"MyUser{userId=null, username=\'\', password=\'null\', deptId=null, deptName=\'\', email=\'null\', mobile=\'null\', status=\'\', crateTime=null, modifyTime=null, lastLoginTime=null, ssex=\'\', theme=\'null\', avatar=\'null\', description=\'null\', roleName=\'null\'}\"', '127.0.0.1', '2018-12-28 14:36:29', '内网IP|0|0|内网IP|内网IP');
INSERT INTO `t_log` VALUES ('381', 'mrbird', '获取角色信息', '0', 'cc.mrbird.web.controller.system.RoleController.index()', '', '127.0.0.1', '2018-12-28 14:36:30', '内网IP|0|0|内网IP|内网IP');
INSERT INTO `t_log` VALUES ('382', 'mrbird', '获取用户信息', '3', 'cc.mrbird.web.controller.system.UserController.userList()', 'request: \"QueryRequest{pageSize=10, pageNum=1}\"  user: \"MyUser{userId=null, username=\'\', password=\'null\', deptId=null, deptName=\'\', email=\'null\', mobile=\'null\', status=\'\', crateTime=null, modifyTime=null, lastLoginTime=null, ssex=\'\', theme=\'null\', avatar=\'null\', description=\'null\', roleName=\'null\'}\"', '127.0.0.1', '2018-12-28 14:36:35', '内网IP|0|0|内网IP|内网IP');
INSERT INTO `t_log` VALUES ('383', 'mrbird', '获取用户信息', '3', 'cc.mrbird.web.controller.system.UserController.userList()', 'request: \"QueryRequest{pageSize=10, pageNum=1}\"  user: \"MyUser{userId=null, username=\'\', password=\'null\', deptId=null, deptName=\'\', email=\'null\', mobile=\'null\', status=\'\', crateTime=null, modifyTime=null, lastLoginTime=null, ssex=\'\', theme=\'null\', avatar=\'null\', description=\'null\', roleName=\'null\'}\"', '127.0.0.1', '2018-12-28 14:36:50', '内网IP|0|0|内网IP|内网IP');
INSERT INTO `t_log` VALUES ('384', 'mrbird', '获取用户信息', '102', 'cc.mrbird.web.controller.system.UserController.userList()', 'request: \"QueryRequest{pageSize=10, pageNum=1}\"  user: \"MyUser{userId=null, username=\'\', password=\'null\', deptId=null, deptName=\'\', email=\'null\', mobile=\'null\', status=\'\', crateTime=null, modifyTime=null, lastLoginTime=null, ssex=\'\', theme=\'null\', avatar=\'null\', description=\'null\', roleName=\'null\'}\"', '127.0.0.1', '2018-12-28 14:47:37', '内网IP|0|0|内网IP|内网IP');
INSERT INTO `t_log` VALUES ('385', 'mrbird', '获取用户信息', '108', 'cc.mrbird.web.controller.system.UserController.userList()', 'request: \"QueryRequest{pageSize=10, pageNum=1}\"  user: \"MyUser{userId=null, username=\'\', password=\'null\', deptId=null, deptName=\'\', email=\'null\', mobile=\'null\', status=\'\', crateTime=null, modifyTime=null, lastLoginTime=null, ssex=\'\', theme=\'null\', avatar=\'null\', description=\'null\', roleName=\'null\'}\"', '127.0.0.1', '2018-12-28 14:48:56', '内网IP|0|0|内网IP|内网IP');
INSERT INTO `t_log` VALUES ('386', 'mrbird', '获取用户信息', '109', 'cc.mrbird.web.controller.system.UserController.userList()', 'request: \"QueryRequest{pageSize=10, pageNum=1}\"  user: \"MyUser{userId=null, username=\'\', password=\'null\', deptId=null, deptName=\'\', email=\'null\', mobile=\'null\', status=\'\', crateTime=null, modifyTime=null, lastLoginTime=null, ssex=\'\', theme=\'null\', avatar=\'null\', description=\'null\', roleName=\'null\'}\"', '127.0.0.1', '2018-12-28 14:55:02', '内网IP|0|0|内网IP|内网IP');
INSERT INTO `t_log` VALUES ('387', 'mrbird', '获取用户信息', '106', 'cc.mrbird.web.controller.system.UserController.userList()', 'request: \"QueryRequest{pageSize=10, pageNum=1}\"  user: \"MyUser{userId=null, username=\'\', password=\'null\', deptId=null, deptName=\'\', email=\'null\', mobile=\'null\', status=\'\', crateTime=null, modifyTime=null, lastLoginTime=null, ssex=\'\', theme=\'null\', avatar=\'null\', description=\'null\', roleName=\'null\'}\"', '127.0.0.1', '2018-12-28 14:59:17', '内网IP|0|0|内网IP|内网IP');
INSERT INTO `t_log` VALUES ('388', 'mrbird', '获取用户信息', '103', 'cc.mrbird.web.controller.system.UserController.userList()', 'request: \"QueryRequest{pageSize=10, pageNum=1}\"  user: \"MyUser{userId=null, username=\'\', password=\'null\', deptId=null, deptName=\'null\', email=\'null\', mobile=\'null\', status=\'\', crateTime=null, modifyTime=null, lastLoginTime=null, ssex=\'\', theme=\'null\', avatar=\'null\', description=\'null\', roleName=\'null\'}\"', '127.0.0.1', '2018-12-28 15:03:27', '内网IP|0|0|内网IP|内网IP');
INSERT INTO `t_log` VALUES ('389', 'mrbird', '获取用户信息', '5', 'cc.mrbird.web.controller.system.UserController.userList()', 'request: \"QueryRequest{pageSize=10, pageNum=1}\"  user: \"MyUser{userId=null, username=\'\', password=\'null\', deptId=null, deptName=\'null\', email=\'null\', mobile=\'null\', status=\'\', crateTime=null, modifyTime=null, lastLoginTime=null, ssex=\'\', theme=\'null\', avatar=\'null\', description=\'null\', roleName=\'null\'}\"', '127.0.0.1', '2018-12-28 15:04:06', '内网IP|0|0|内网IP|内网IP');
INSERT INTO `t_log` VALUES ('390', 'mrbird', '获取用户信息', '101', 'cc.mrbird.web.controller.system.UserController.userList()', 'request: \"QueryRequest{pageSize=10, pageNum=1}\"  user: \"MyUser{userId=null, username=\'\', password=\'null\', deptId=null, deptName=\'null\', email=\'null\', mobile=\'null\', status=\'\', crateTime=null, modifyTime=null, lastLoginTime=null, ssex=\'\', theme=\'null\', avatar=\'null\', description=\'null\', roleName=\'null\'}\"', '127.0.0.1', '2018-12-28 15:08:08', '内网IP|0|0|内网IP|内网IP');
INSERT INTO `t_log` VALUES ('391', 'mrbird', '获取用户信息', '101', 'cc.mrbird.web.controller.system.UserController.userList()', 'request: \"QueryRequest{pageSize=10, pageNum=1}\"  user: \"MyUser{userId=null, username=\'\', password=\'null\', deptId=null, deptName=\'null\', email=\'null\', mobile=\'null\', status=\'\', crateTime=null, modifyTime=null, lastLoginTime=null, ssex=\'\', theme=\'null\', avatar=\'null\', description=\'null\', roleName=\'null\'}\"', '127.0.0.1', '2018-12-28 15:09:50', '内网IP|0|0|内网IP|内网IP');
INSERT INTO `t_log` VALUES ('392', 'mrbird', '获取用户信息', '107', 'cc.mrbird.web.controller.system.UserController.userList()', 'request: \"QueryRequest{pageSize=10, pageNum=1}\"  user: \"MyUser{userId=null, username=\'\', password=\'null\', deptId=null, deptName=\'null\', email=\'null\', mobile=\'null\', status=\'\', crateTime=null, modifyTime=null, lastLoginTime=null, ssex=\'\', theme=\'null\', avatar=\'null\', description=\'null\', roleName=\'null\'}\"', '127.0.0.1', '2018-12-28 15:11:57', '内网IP|0|0|内网IP|内网IP');
INSERT INTO `t_log` VALUES ('393', 'mrbird', '获取学院信息', '6', 'cc.mrbird.web.controller.system.DeptController.index()', '', '127.0.0.1', '2018-12-28 15:53:13', '内网IP|0|0|内网IP|内网IP');
INSERT INTO `t_log` VALUES ('394', 'mrbird', '修改学院', '33', 'cc.mrbird.web.controller.system.DeptController.updateRole()', 'dept: \"cc.mrbird.system.domain.Dept@2a0fc97a\"', '127.0.0.1', '2018-12-28 15:53:32', '内网IP|0|0|内网IP|内网IP');
INSERT INTO `t_log` VALUES ('395', 'mrbird', '修改学院', '38', 'cc.mrbird.web.controller.system.DeptController.updateRole()', 'dept: \"cc.mrbird.system.domain.Dept@5d93c2d3\"', '127.0.0.1', '2018-12-28 15:53:42', '内网IP|0|0|内网IP|内网IP');
INSERT INTO `t_log` VALUES ('396', 'mrbird', '获取用户信息', '10', 'cc.mrbird.web.controller.system.UserController.userList()', 'request: \"QueryRequest{pageSize=10, pageNum=1}\"  user: \"MyUser{userId=null, username=\'\', password=\'null\', deptId=null, deptName=\'\', email=\'null\', mobile=\'null\', status=\'\', crateTime=null, modifyTime=null, lastLoginTime=null, ssex=\'\', theme=\'null\', avatar=\'null\', description=\'null\', roleName=\'null\'}\"', '127.0.0.1', '2018-12-28 16:18:13', '内网IP|0|0|内网IP|内网IP');
INSERT INTO `t_log` VALUES ('397', 'mrbird', '获取角色信息', '0', 'cc.mrbird.web.controller.system.RoleController.index()', '', '127.0.0.1', '2018-12-28 16:18:16', '内网IP|0|0|内网IP|内网IP');
INSERT INTO `t_log` VALUES ('398', 'mrbird', '获取系统所有URL', '25', 'cc.mrbird.web.controller.system.MenuController.getAllUrl()', '', '127.0.0.1', '2018-12-28 16:18:19', '内网IP|0|0|内网IP|内网IP');
INSERT INTO `t_log` VALUES ('399', 'mrbird', '获取学院信息', '0', 'cc.mrbird.web.controller.system.DeptController.index()', '', '127.0.0.1', '2018-12-28 16:18:20', '内网IP|0|0|内网IP|内网IP');
INSERT INTO `t_log` VALUES ('400', 'mrbird', '获取字典信息', '3', 'cc.mrbird.web.controller.system.DictController.index()', '', '127.0.0.1', '2018-12-28 16:18:22', '内网IP|0|0|内网IP|内网IP');
INSERT INTO `t_log` VALUES ('401', 'mrbird', '获取在线用户信息', '2', 'cc.mrbird.web.controller.security.SessionController.online()', '', '127.0.0.1', '2018-12-28 16:18:28', '内网IP|0|0|内网IP|内网IP');
INSERT INTO `t_log` VALUES ('402', 'mrbird', '获取角色信息', '0', 'cc.mrbird.web.controller.system.RoleController.index()', '', '127.0.0.1', '2018-12-28 16:18:52', '内网IP|0|0|内网IP|内网IP');
INSERT INTO `t_log` VALUES ('403', 'mrbird', '获取系统所有URL', '1', 'cc.mrbird.web.controller.system.MenuController.getAllUrl()', '', '127.0.0.1', '2018-12-28 16:18:54', '内网IP|0|0|内网IP|内网IP');
INSERT INTO `t_log` VALUES ('404', 'mrbird', '获取学院信息', '0', 'cc.mrbird.web.controller.system.DeptController.index()', '', '127.0.0.1', '2018-12-28 16:19:09', '内网IP|0|0|内网IP|内网IP');
INSERT INTO `t_log` VALUES ('405', 'mrbird', '获取角色信息', '0', 'cc.mrbird.web.controller.system.RoleController.index()', '', '127.0.0.1', '2018-12-28 16:19:11', '内网IP|0|0|内网IP|内网IP');
INSERT INTO `t_log` VALUES ('406', 'mrbird', '获取学院信息', '0', 'cc.mrbird.web.controller.system.DeptController.index()', '', '127.0.0.1', '2018-12-28 16:19:14', '内网IP|0|0|内网IP|内网IP');
INSERT INTO `t_log` VALUES ('407', 'mrbird', '获取用户信息', '4', 'cc.mrbird.web.controller.system.UserController.userList()', 'request: \"QueryRequest{pageSize=10, pageNum=1}\"  user: \"MyUser{userId=null, username=\'\', password=\'null\', deptId=null, deptName=\'\', email=\'null\', mobile=\'null\', status=\'\', crateTime=null, modifyTime=null, lastLoginTime=null, ssex=\'\', theme=\'null\', avatar=\'null\', description=\'null\', roleName=\'null\'}\"', '127.0.0.1', '2018-12-28 16:19:32', '内网IP|0|0|内网IP|内网IP');
INSERT INTO `t_log` VALUES ('408', 'mrbird', '获取系统所有URL', '27', 'cc.mrbird.web.controller.system.MenuController.getAllUrl()', '', '127.0.0.1', '2018-12-28 17:41:20', '内网IP|0|0|内网IP|内网IP');
INSERT INTO `t_log` VALUES ('409', 'mrbird', '更换主题', '69', 'cc.mrbird.web.controller.system.UserController.updateTheme()', 'user: \"MyUser{userId=null, username=\'mrbird\', password=\'null\', deptId=null, deptName=\'null\', email=\'null\', mobile=\'null\', status=\'1\', crateTime=null, modifyTime=null, lastLoginTime=null, ssex=\'null\', theme=\'red\', avatar=\'null\', description=\'null\', roleName=\'null\'}\"', '127.0.0.1', '2019-01-01 16:49:54', '内网IP|0|0|内网IP|内网IP');
INSERT INTO `t_log` VALUES ('410', 'mrbird', '更换主题', '72', 'cc.mrbird.web.controller.system.UserController.updateTheme()', 'user: \"MyUser{userId=null, username=\'mrbird\', password=\'null\', deptId=null, deptName=\'null\', email=\'null\', mobile=\'null\', status=\'1\', crateTime=null, modifyTime=null, lastLoginTime=null, ssex=\'null\', theme=\'purple\', avatar=\'null\', description=\'null\', roleName=\'null\'}\"', '127.0.0.1', '2019-01-01 16:50:10', '内网IP|0|0|内网IP|内网IP');
INSERT INTO `t_log` VALUES ('411', 'mrbird', '获取学院信息', '0', 'cc.mrbird.web.controller.system.DeptController.index()', '', '127.0.0.1', '2019-01-01 16:50:25', '内网IP|0|0|内网IP|内网IP');
INSERT INTO `t_log` VALUES ('412', 'mrbird', '获取系统所有URL', '37', 'cc.mrbird.web.controller.system.MenuController.getAllUrl()', '', '127.0.0.1', '2019-01-01 16:50:27', '内网IP|0|0|内网IP|内网IP');
INSERT INTO `t_log` VALUES ('413', 'mrbird', '获取系统所有URL', '1', 'cc.mrbird.web.controller.system.MenuController.getAllUrl()', '', '127.0.0.1', '2019-01-01 16:50:28', '内网IP|0|0|内网IP|内网IP');
INSERT INTO `t_log` VALUES ('414', 'mrbird', '获取学院信息', '0', 'cc.mrbird.web.controller.system.DeptController.index()', '', '127.0.0.1', '2019-01-01 16:50:28', '内网IP|0|0|内网IP|内网IP');
INSERT INTO `t_log` VALUES ('415', 'mrbird', '获取角色信息', '5', 'cc.mrbird.web.controller.system.RoleController.index()', '', '127.0.0.1', '2019-01-01 16:50:29', '内网IP|0|0|内网IP|内网IP');
INSERT INTO `t_log` VALUES ('416', 'mrbird', '获取用户信息', '8', 'cc.mrbird.web.controller.system.UserController.userList()', 'request: \"QueryRequest{pageSize=10, pageNum=1}\"  user: \"MyUser{userId=null, username=\'\', password=\'null\', deptId=null, deptName=\'\', email=\'null\', mobile=\'null\', status=\'\', crateTime=null, modifyTime=null, lastLoginTime=null, ssex=\'\', theme=\'null\', avatar=\'null\', description=\'null\', roleName=\'null\'}\"', '127.0.0.1', '2019-01-01 16:50:30', '内网IP|0|0|内网IP|内网IP');
INSERT INTO `t_log` VALUES ('417', 'mrbird', '获取字典信息', '5', 'cc.mrbird.web.controller.system.DictController.index()', '', '127.0.0.1', '2019-01-01 16:50:36', '内网IP|0|0|内网IP|内网IP');
INSERT INTO `t_log` VALUES ('418', 'mrbird', '获取学院信息', '0', 'cc.mrbird.web.controller.system.DeptController.index()', '', '127.0.0.1', '2019-01-01 16:50:36', '内网IP|0|0|内网IP|内网IP');
INSERT INTO `t_log` VALUES ('419', 'mrbird', '获取系统所有URL', '1', 'cc.mrbird.web.controller.system.MenuController.getAllUrl()', '', '127.0.0.1', '2019-01-01 16:50:37', '内网IP|0|0|内网IP|内网IP');
INSERT INTO `t_log` VALUES ('420', 'mrbird', '获取角色信息', '0', 'cc.mrbird.web.controller.system.RoleController.index()', '', '127.0.0.1', '2019-01-01 16:50:37', '内网IP|0|0|内网IP|内网IP');
INSERT INTO `t_log` VALUES ('421', 'mrbird', '获取字典信息', '0', 'cc.mrbird.web.controller.system.DictController.index()', '', '127.0.0.1', '2019-01-01 16:50:38', '内网IP|0|0|内网IP|内网IP');
INSERT INTO `t_log` VALUES ('422', 'mrbird', '获取学院信息', '0', 'cc.mrbird.web.controller.system.DeptController.index()', '', '127.0.0.1', '2019-01-01 16:50:39', '内网IP|0|0|内网IP|内网IP');
INSERT INTO `t_log` VALUES ('423', 'mrbird', '获取学院信息', '0', 'cc.mrbird.web.controller.system.DeptController.index()', '', '127.0.0.1', '2019-01-01 16:53:23', '内网IP|0|0|内网IP|内网IP');
INSERT INTO `t_log` VALUES ('424', 'mrbird', '获取即将上映电影信息', '4', 'cc.mrbird.web.controller.others.MovieController.movieComing()', '', '127.0.0.1', '2019-01-01 16:54:38', '内网IP|0|0|内网IP|内网IP');
INSERT INTO `t_log` VALUES ('425', 'mrbird', '获取热门电影信息', '0', 'cc.mrbird.web.controller.others.MovieController.movieHot()', '', '127.0.0.1', '2019-01-01 16:54:52', '内网IP|0|0|内网IP|内网IP');
INSERT INTO `t_log` VALUES ('426', 'mrbird', '获取每日一文信息', '3', 'cc.mrbird.web.controller.others.ArticleController.index()', '', '127.0.0.1', '2019-01-01 16:54:55', '内网IP|0|0|内网IP|内网IP');
INSERT INTO `t_log` VALUES ('427', 'mrbird', '获取天气信息', '3', 'cc.mrbird.web.controller.others.WeatherController.weather()', '', '127.0.0.1', '2019-01-01 16:55:03', '内网IP|0|0|内网IP|内网IP');
INSERT INTO `t_log` VALUES ('428', 'mrbird', '获取在线用户信息', '4', 'cc.mrbird.web.controller.security.SessionController.online()', '', '127.0.0.1', '2019-01-01 16:55:15', '内网IP|0|0|内网IP|内网IP');
INSERT INTO `t_log` VALUES ('429', 'mrbird', '获取用户信息', '5', 'cc.mrbird.web.controller.system.UserController.userList()', 'request: \"QueryRequest{pageSize=10, pageNum=1}\"  user: \"MyUser{userId=null, username=\'\', password=\'null\', deptId=null, deptName=\'\', email=\'null\', mobile=\'null\', status=\'\', crateTime=null, modifyTime=null, lastLoginTime=null, ssex=\'\', theme=\'null\', avatar=\'null\', description=\'null\', roleName=\'null\'}\"', '127.0.0.1', '2019-01-01 16:55:56', '内网IP|0|0|内网IP|内网IP');
INSERT INTO `t_log` VALUES ('430', 'mrbird', '获取角色信息', '0', 'cc.mrbird.web.controller.system.RoleController.index()', '', '127.0.0.1', '2019-01-01 16:56:06', '内网IP|0|0|内网IP|内网IP');
INSERT INTO `t_log` VALUES ('431', 'mrbird', '获取系统所有URL', '1', 'cc.mrbird.web.controller.system.MenuController.getAllUrl()', '', '127.0.0.1', '2019-01-01 17:04:27', '内网IP|0|0|内网IP|内网IP');
INSERT INTO `t_log` VALUES ('432', 'mrbird', '获取角色信息', '1', 'cc.mrbird.web.controller.system.RoleController.index()', '', '127.0.0.1', '2019-01-01 17:04:34', '内网IP|0|0|内网IP|内网IP');
INSERT INTO `t_log` VALUES ('433', 'mrbird', '获取用户信息', '5', 'cc.mrbird.web.controller.system.UserController.userList()', 'request: \"QueryRequest{pageSize=10, pageNum=1}\"  user: \"MyUser{userId=null, username=\'\', password=\'null\', deptId=null, deptName=\'\', email=\'null\', mobile=\'null\', status=\'\', crateTime=null, modifyTime=null, lastLoginTime=null, ssex=\'\', theme=\'null\', avatar=\'null\', description=\'null\', roleName=\'null\'}\"', '127.0.0.1', '2019-01-01 17:04:36', '内网IP|0|0|内网IP|内网IP');
INSERT INTO `t_log` VALUES ('434', 'mrbird', '获取字典信息', '0', 'cc.mrbird.web.controller.system.DictController.index()', '', '127.0.0.1', '2019-01-01 17:04:40', '内网IP|0|0|内网IP|内网IP');
INSERT INTO `t_log` VALUES ('435', 'mrbird', '获取学院信息', '0', 'cc.mrbird.web.controller.system.DeptController.index()', '', '127.0.0.1', '2019-01-01 17:04:41', '内网IP|0|0|内网IP|内网IP');
INSERT INTO `t_log` VALUES ('436', 'mrbird', '获取系统所有URL', '24', 'cc.mrbird.web.controller.system.MenuController.getAllUrl()', '', '127.0.0.1', '2019-01-01 20:06:35', '内网IP|0|0|内网IP|内网IP');
INSERT INTO `t_log` VALUES ('437', 'mrbird', '获取系统所有URL', '2', 'cc.mrbird.web.controller.system.MenuController.getAllUrl()', '', '127.0.0.1', '2019-01-01 20:10:45', '内网IP|0|0|内网IP|内网IP');
INSERT INTO `t_log` VALUES ('438', 'mrbird', '获取角色信息', '4', 'cc.mrbird.web.controller.system.RoleController.index()', '', '127.0.0.1', '2019-01-01 20:27:58', '内网IP|0|0|内网IP|内网IP');
INSERT INTO `t_log` VALUES ('439', 'mrbird', '新增角色', '131', 'cc.mrbird.web.controller.system.RoleController.addRole()', 'role: \"cc.mrbird.system.domain.Role@1e6dc59d\"  menuId: \"[Ljava.lang.Long;@35e64916\"', '127.0.0.1', '2019-01-01 20:28:42', '内网IP|0|0|内网IP|内网IP');
INSERT INTO `t_log` VALUES ('440', 'mrbird', '获取角色信息', '0', 'cc.mrbird.web.controller.system.RoleController.index()', '', '127.0.0.1', '2019-01-01 20:28:51', '内网IP|0|0|内网IP|内网IP');
INSERT INTO `t_log` VALUES ('441', 'mrbird', '修改角色', '179', 'cc.mrbird.web.controller.system.RoleController.updateRole()', 'role: \"cc.mrbird.system.domain.Role@c0a87e0\"  menuId: \"[Ljava.lang.Long;@103a8a5a\"', '127.0.0.1', '2019-01-01 20:29:12', '内网IP|0|0|内网IP|内网IP');
INSERT INTO `t_log` VALUES ('442', 'mrbird', '获取学院信息', '6', 'cc.mrbird.web.controller.system.DeptController.index()', '', '127.0.0.1', '2019-01-01 20:29:26', '内网IP|0|0|内网IP|内网IP');
INSERT INTO `t_log` VALUES ('443', 'mrbird', '获取角色信息', '0', 'cc.mrbird.web.controller.system.RoleController.index()', '', '127.0.0.1', '2019-01-01 20:29:30', '内网IP|0|0|内网IP|内网IP');
INSERT INTO `t_log` VALUES ('444', 'mrbird', '获取用户信息', '9', 'cc.mrbird.web.controller.system.UserController.userList()', 'request: \"QueryRequest{pageSize=10, pageNum=1}\"  user: \"MyUser{userId=null, username=\'\', password=\'null\', deptId=null, deptName=\'\', email=\'null\', mobile=\'null\', status=\'\', crateTime=null, modifyTime=null, lastLoginTime=null, ssex=\'\', theme=\'null\', avatar=\'null\', description=\'null\', roleName=\'null\'}\"', '127.0.0.1', '2019-01-01 20:29:31', '内网IP|0|0|内网IP|内网IP');
INSERT INTO `t_log` VALUES ('445', 'mrbird', '新增用户', '257', 'cc.mrbird.web.controller.system.UserController.addUser()', 'user: \"MyUser{userId=173, username=\'teacher\', password=\'$2a$10$S5J71tuKCaK.ySqGQRVlVOIoANfdREcKpHC3E5XPAMpVRpxKuZeSu\', deptId=7, deptName=\'null\', email=\'\', mobile=\'null\', status=\'1\', crateTime=Tue Jan 01 20:30:28 CST 2019, modifyTime=null, lastLoginTime=null, ssex=\'2\', theme=\'green\', avatar=\'default.jpg\', description=\'null\', roleName=\'null\'}\"  roles: \"[Ljava.lang.Long;@658d1806\"', '127.0.0.1', '2019-01-01 20:30:28', '内网IP|0|0|内网IP|内网IP');
INSERT INTO `t_log` VALUES ('446', 'mrbird', '获取用户信息', '14', 'cc.mrbird.web.controller.system.UserController.userList()', 'request: \"QueryRequest{pageSize=10, pageNum=1}\"  user: \"MyUser{userId=null, username=\'\', password=\'null\', deptId=null, deptName=\'\', email=\'null\', mobile=\'null\', status=\'\', crateTime=null, modifyTime=null, lastLoginTime=null, ssex=\'\', theme=\'null\', avatar=\'null\', description=\'null\', roleName=\'null\'}\"', '127.0.0.1', '2019-01-01 20:30:28', '内网IP|0|0|内网IP|内网IP');
INSERT INTO `t_log` VALUES ('447', 'mrbird', '获取系统所有URL', '21', 'cc.mrbird.web.controller.system.MenuController.getAllUrl()', '', '127.0.0.1', '2019-01-01 20:33:16', '内网IP|0|0|内网IP|内网IP');
INSERT INTO `t_log` VALUES ('448', 'mrbird', '获取角色信息', '0', 'cc.mrbird.web.controller.system.RoleController.index()', '', '127.0.0.1', '2019-01-01 20:33:21', '内网IP|0|0|内网IP|内网IP');
INSERT INTO `t_log` VALUES ('449', 'mrbird', '修改角色', '125', 'cc.mrbird.web.controller.system.RoleController.updateRole()', 'role: \"cc.mrbird.system.domain.Role@2feca201\"  menuId: \"[Ljava.lang.Long;@db7e69b\"', '127.0.0.1', '2019-01-01 20:33:38', '内网IP|0|0|内网IP|内网IP');
INSERT INTO `t_log` VALUES ('450', 'mrbird', '更换主题', '73', 'cc.mrbird.web.controller.system.UserController.updateTheme()', 'user: \"MyUser{userId=null, username=\'mrbird\', password=\'null\', deptId=null, deptName=\'null\', email=\'null\', mobile=\'null\', status=\'1\', crateTime=null, modifyTime=null, lastLoginTime=null, ssex=\'null\', theme=\'lime\', avatar=\'null\', description=\'null\', roleName=\'null\'}\"', '127.0.0.1', '2019-01-01 20:45:22', '内网IP|0|0|内网IP|内网IP');
INSERT INTO `t_log` VALUES ('451', 'mrbird', '获取系统所有URL', '6', 'cc.mrbird.web.controller.system.MenuController.getAllUrl()', '', '127.0.0.1', '2019-01-01 20:49:44', '内网IP|0|0|内网IP|内网IP');
INSERT INTO `t_log` VALUES ('452', 'mrbird', '获取用户信息', '13', 'cc.mrbird.web.controller.system.UserController.userList()', 'request: \"QueryRequest{pageSize=10, pageNum=1}\"  user: \"MyUser{userId=null, username=\'\', password=\'null\', deptId=null, deptName=\'\', email=\'null\', mobile=\'null\', status=\'\', crateTime=null, modifyTime=null, lastLoginTime=null, ssex=\'\', theme=\'null\', avatar=\'null\', description=\'null\', roleName=\'null\'}\"', '127.0.0.1', '2019-01-01 21:20:28', '内网IP|0|0|内网IP|内网IP');
INSERT INTO `t_log` VALUES ('453', 'mrbird', '获取用户信息', '13', 'cc.mrbird.web.controller.system.UserController.userList()', 'request: \"QueryRequest{pageSize=10, pageNum=1}\"  user: \"MyUser{userId=null, username=\'\', password=\'null\', deptId=null, deptName=\'\', email=\'null\', mobile=\'null\', status=\'\', crateTime=null, modifyTime=null, lastLoginTime=null, ssex=\'\', theme=\'null\', avatar=\'null\', description=\'null\', roleName=\'null\'}\"', '127.0.0.1', '2019-01-01 21:20:46', '内网IP|0|0|内网IP|内网IP');
INSERT INTO `t_log` VALUES ('454', 'mrbird', '获取用户信息', '13', 'cc.mrbird.web.controller.system.UserController.userList()', 'request: \"QueryRequest{pageSize=10, pageNum=1}\"  user: \"MyUser{userId=null, username=\'\', password=\'null\', deptId=null, deptName=\'\', email=\'null\', mobile=\'null\', status=\'\', crateTime=null, modifyTime=null, lastLoginTime=null, ssex=\'\', theme=\'null\', avatar=\'null\', description=\'null\', roleName=\'null\'}\"', '127.0.0.1', '2019-01-01 21:21:53', '内网IP|0|0|内网IP|内网IP');
INSERT INTO `t_log` VALUES ('455', 'mrbird', '获取用户信息', '13', 'cc.mrbird.web.controller.system.UserController.userList()', 'request: \"QueryRequest{pageSize=10, pageNum=1}\"  user: \"MyUser{userId=null, username=\'\', password=\'null\', deptId=null, deptName=\'\', email=\'null\', mobile=\'null\', status=\'\', crateTime=null, modifyTime=null, lastLoginTime=null, ssex=\'\', theme=\'null\', avatar=\'null\', description=\'null\', roleName=\'null\'}\"', '127.0.0.1', '2019-01-01 21:31:28', '内网IP|0|0|内网IP|内网IP');
INSERT INTO `t_log` VALUES ('456', 'mrbird', '获取系统所有URL', '75', 'cc.mrbird.web.controller.system.MenuController.getAllUrl()', '', '127.0.0.1', '2019-01-01 23:28:22', '内网IP|0|0|内网IP|内网IP');
INSERT INTO `t_log` VALUES ('457', 'mrbird', '更换主题', '59', 'cc.mrbird.web.controller.system.UserController.updateTheme()', 'user: \"MyUser{userId=null, username=\'mrbird\', password=\'null\', deptId=null, deptName=\'null\', email=\'null\', mobile=\'null\', status=\'1\', crateTime=null, modifyTime=null, lastLoginTime=null, ssex=\'null\', theme=\'red\', avatar=\'null\', description=\'null\', roleName=\'null\'}\"', '127.0.0.1', '2019-01-02 20:53:10', '内网IP|0|0|内网IP|内网IP');
INSERT INTO `t_log` VALUES ('458', 'mrbird', '更换主题', '64', 'cc.mrbird.web.controller.system.UserController.updateTheme()', 'user: \"MyUser{userId=null, username=\'mrbird\', password=\'null\', deptId=null, deptName=\'null\', email=\'null\', mobile=\'null\', status=\'1\', crateTime=null, modifyTime=null, lastLoginTime=null, ssex=\'null\', theme=\'teal\', avatar=\'null\', description=\'null\', roleName=\'null\'}\"', '127.0.0.1', '2019-01-02 20:53:29', '内网IP|0|0|内网IP|内网IP');
INSERT INTO `t_log` VALUES ('459', 'mrbird', '获取调度日志信息', '2', 'cc.mrbird.web.controller.quartz.JobLogController.index()', '', '127.0.0.1', '2019-01-02 20:53:52', '内网IP|0|0|内网IP|内网IP');
INSERT INTO `t_log` VALUES ('460', 'mrbird', '获取在线用户信息', '5', 'cc.mrbird.web.controller.security.SessionController.online()', '', '127.0.0.1', '2019-01-02 20:54:22', '内网IP|0|0|内网IP|内网IP');
INSERT INTO `t_log` VALUES ('461', 'mrbird', '获取字典信息', '3', 'cc.mrbird.web.controller.system.DictController.index()', '', '127.0.0.1', '2019-01-02 20:54:58', '内网IP|0|0|内网IP|内网IP');
INSERT INTO `t_log` VALUES ('462', 'mrbird', '获取学院信息', '0', 'cc.mrbird.web.controller.system.DeptController.index()', '', '127.0.0.1', '2019-01-02 20:55:02', '内网IP|0|0|内网IP|内网IP');
INSERT INTO `t_log` VALUES ('463', 'mrbird', '新增学院', '72', 'cc.mrbird.web.controller.system.DeptController.addRole()', 'dept: \"cc.mrbird.system.domain.Dept@65f554d8\"', '127.0.0.1', '2019-01-02 20:55:28', '内网IP|0|0|内网IP|内网IP');
INSERT INTO `t_log` VALUES ('464', 'mrbird', '新增学院', '68', 'cc.mrbird.web.controller.system.DeptController.addRole()', 'dept: \"cc.mrbird.system.domain.Dept@718ba17d\"', '127.0.0.1', '2019-01-02 20:56:00', '内网IP|0|0|内网IP|内网IP');
INSERT INTO `t_log` VALUES ('465', 'mrbird', '获取系统所有URL', '2', 'cc.mrbird.web.controller.system.MenuController.getAllUrl()', '', '127.0.0.1', '2019-01-02 20:56:04', '内网IP|0|0|内网IP|内网IP');
INSERT INTO `t_log` VALUES ('466', 'mrbird', '获取角色信息', '5', 'cc.mrbird.web.controller.system.RoleController.index()', '', '127.0.0.1', '2019-01-02 20:56:19', '内网IP|0|0|内网IP|内网IP');
INSERT INTO `t_log` VALUES ('467', 'mrbird', '新增角色', '569', 'cc.mrbird.web.controller.system.RoleController.addRole()', 'role: \"cc.mrbird.system.domain.Role@51f6a0d2\"  menuId: \"[Ljava.lang.Long;@3e64d558\"', '127.0.0.1', '2019-01-02 20:56:52', '内网IP|0|0|内网IP|内网IP');
INSERT INTO `t_log` VALUES ('468', 'mrbird', '获取用户信息', '5', 'cc.mrbird.web.controller.system.UserController.userList()', 'request: \"QueryRequest{pageSize=10, pageNum=1}\"  user: \"MyUser{userId=null, username=\'\', password=\'null\', deptId=null, deptName=\'\', email=\'null\', mobile=\'null\', status=\'\', crateTime=null, modifyTime=null, lastLoginTime=null, ssex=\'\', theme=\'null\', avatar=\'null\', description=\'null\', roleName=\'null\'}\"', '127.0.0.1', '2019-01-02 20:56:55', '内网IP|0|0|内网IP|内网IP');
INSERT INTO `t_log` VALUES ('469', 'mrbird', '新增用户', '266', 'cc.mrbird.web.controller.system.UserController.addUser()', 'user: \"MyUser{userId=174, username=\'test111\', password=\'$2a$10$ESZa1gVRxlZ5TLs6y60SQe4yu8Pfzaro8KccT1RHgpKy4DkA.lmJe\', deptId=13, deptName=\'null\', email=\'\', mobile=\'null\', status=\'1\', crateTime=Wed Jan 02 20:57:43 CST 2019, modifyTime=null, lastLoginTime=null, ssex=\'2\', theme=\'green\', avatar=\'default.jpg\', description=\'null\', roleName=\'null\'}\"  roles: \"[Ljava.lang.Long;@539e0ec5\"', '127.0.0.1', '2019-01-02 20:57:44', '内网IP|0|0|内网IP|内网IP');
INSERT INTO `t_log` VALUES ('470', 'mrbird', '获取用户信息', '5', 'cc.mrbird.web.controller.system.UserController.userList()', 'request: \"QueryRequest{pageSize=10, pageNum=1}\"  user: \"MyUser{userId=null, username=\'\', password=\'null\', deptId=null, deptName=\'\', email=\'null\', mobile=\'null\', status=\'\', crateTime=null, modifyTime=null, lastLoginTime=null, ssex=\'\', theme=\'null\', avatar=\'null\', description=\'null\', roleName=\'null\'}\"', '127.0.0.1', '2019-01-02 20:57:44', '内网IP|0|0|内网IP|内网IP');
INSERT INTO `t_log` VALUES ('471', 'mrbird', '获取学院信息', '0', 'cc.mrbird.web.controller.system.DeptController.index()', '', '127.0.0.1', '2019-01-02 20:57:57', '内网IP|0|0|内网IP|内网IP');
INSERT INTO `t_log` VALUES ('472', 'mrbird', '修改学院', '56', 'cc.mrbird.web.controller.system.DeptController.updateRole()', 'dept: \"cc.mrbird.system.domain.Dept@65034c7\"', '127.0.0.1', '2019-01-02 20:58:07', '内网IP|0|0|内网IP|内网IP');
INSERT INTO `t_log` VALUES ('473', 'mrbird', '新增学院', '83', 'cc.mrbird.web.controller.system.DeptController.addRole()', 'dept: \"cc.mrbird.system.domain.Dept@7ffe643c\"', '127.0.0.1', '2019-01-02 20:58:53', '内网IP|0|0|内网IP|内网IP');
INSERT INTO `t_log` VALUES ('474', 'mrbird', '修改学院', '107', 'cc.mrbird.web.controller.system.DeptController.updateRole()', 'dept: \"cc.mrbird.system.domain.Dept@67d00cb3\"', '127.0.0.1', '2019-01-02 20:59:04', '内网IP|0|0|内网IP|内网IP');
INSERT INTO `t_log` VALUES ('475', 'mrbird', '获取学院信息', '0', 'cc.mrbird.web.controller.system.DeptController.index()', '', '127.0.0.1', '2019-01-02 20:59:19', '内网IP|0|0|内网IP|内网IP');
INSERT INTO `t_log` VALUES ('476', 'mrbird', '修改学院', '54', 'cc.mrbird.web.controller.system.DeptController.updateRole()', 'dept: \"cc.mrbird.system.domain.Dept@16fe8c37\"', '127.0.0.1', '2019-01-02 20:59:41', '内网IP|0|0|内网IP|内网IP');
INSERT INTO `t_log` VALUES ('477', 'mrbird', '获取角色信息', '5', 'cc.mrbird.web.controller.system.RoleController.index()', '', '127.0.0.1', '2019-01-02 21:04:58', '内网IP|0|0|内网IP|内网IP');
INSERT INTO `t_log` VALUES ('478', 'mrbird', '修改角色', '164', 'cc.mrbird.web.controller.system.RoleController.updateRole()', 'role: \"cc.mrbird.system.domain.Role@5bf796c9\"  menuId: \"[Ljava.lang.Long;@1faef5a7\"', '127.0.0.1', '2019-01-02 21:05:46', '内网IP|0|0|内网IP|内网IP');
INSERT INTO `t_log` VALUES ('479', 'mrbird', '修改角色', '192', 'cc.mrbird.web.controller.system.RoleController.updateRole()', 'role: \"cc.mrbird.system.domain.Role@373a12b9\"  menuId: \"[Ljava.lang.Long;@7923f36c\"', '127.0.0.1', '2019-01-02 21:06:05', '内网IP|0|0|内网IP|内网IP');
INSERT INTO `t_log` VALUES ('480', 'mrbird', '获取用户信息', '11', 'cc.mrbird.web.controller.system.UserController.userList()', 'request: \"QueryRequest{pageSize=10, pageNum=1}\"  user: \"MyUser{userId=null, username=\'\', password=\'null\', deptId=null, deptName=\'\', email=\'null\', mobile=\'null\', status=\'\', crateTime=null, modifyTime=null, lastLoginTime=null, ssex=\'\', theme=\'null\', avatar=\'null\', description=\'null\', roleName=\'null\'}\"', '127.0.0.1', '2019-01-02 21:06:11', '内网IP|0|0|内网IP|内网IP');
INSERT INTO `t_log` VALUES ('481', 'mrbird', '获取用户信息', '23', 'cc.mrbird.web.controller.system.UserController.userList()', 'request: \"QueryRequest{pageSize=10, pageNum=1}\"  user: \"MyUser{userId=null, username=\'\', password=\'null\', deptId=null, deptName=\'\', email=\'null\', mobile=\'null\', status=\'\', crateTime=null, modifyTime=null, lastLoginTime=null, ssex=\'\', theme=\'null\', avatar=\'null\', description=\'null\', roleName=\'null\'}\"', '127.0.0.1', '2019-01-02 21:08:32', '内网IP|0|0|内网IP|内网IP');
INSERT INTO `t_log` VALUES ('482', 'mrbird', '修改用户', '94', 'cc.mrbird.web.controller.system.UserController.updateUser()', 'user: \"MyUser{userId=172, username=\'null\', password=\'null\', deptId=9, deptName=\'null\', email=\'\', mobile=\'null\', status=\'1\', crateTime=null, modifyTime=Wed Jan 02 21:08:51 CST 2019, lastLoginTime=null, ssex=\'0\', theme=\'null\', avatar=\'null\', description=\'null\', roleName=\'null\'}\"  rolesSelect: \"[Ljava.lang.Long;@7ecd8d2f\"', '127.0.0.1', '2019-01-02 21:08:52', '内网IP|0|0|内网IP|内网IP');
INSERT INTO `t_log` VALUES ('483', 'mrbird', '获取用户信息', '12', 'cc.mrbird.web.controller.system.UserController.userList()', 'request: \"QueryRequest{pageSize=10, pageNum=1}\"  user: \"MyUser{userId=null, username=\'\', password=\'null\', deptId=null, deptName=\'\', email=\'null\', mobile=\'null\', status=\'\', crateTime=null, modifyTime=null, lastLoginTime=null, ssex=\'\', theme=\'null\', avatar=\'null\', description=\'null\', roleName=\'null\'}\"', '127.0.0.1', '2019-01-02 21:08:52', '内网IP|0|0|内网IP|内网IP');
INSERT INTO `t_log` VALUES ('484', 'mrbird', '获取角色信息', '0', 'cc.mrbird.web.controller.system.RoleController.index()', '', '127.0.0.1', '2019-01-02 21:09:02', '内网IP|0|0|内网IP|内网IP');
INSERT INTO `t_log` VALUES ('485', 'mrbird', '获取用户信息', '12', 'cc.mrbird.web.controller.system.UserController.userList()', 'request: \"QueryRequest{pageSize=10, pageNum=1}\"  user: \"MyUser{userId=null, username=\'\', password=\'null\', deptId=null, deptName=\'\', email=\'null\', mobile=\'null\', status=\'\', crateTime=null, modifyTime=null, lastLoginTime=null, ssex=\'\', theme=\'null\', avatar=\'null\', description=\'null\', roleName=\'null\'}\"', '127.0.0.1', '2019-01-02 21:09:03', '内网IP|0|0|内网IP|内网IP');
INSERT INTO `t_log` VALUES ('486', 'mrbird', '获取用户信息', '28', 'cc.mrbird.web.controller.system.UserController.userList()', 'request: \"QueryRequest{pageSize=10, pageNum=1}\"  user: \"MyUser{userId=null, username=\'\', password=\'null\', deptId=null, deptName=\'\', email=\'null\', mobile=\'null\', status=\'\', crateTime=null, modifyTime=null, lastLoginTime=null, ssex=\'\', theme=\'null\', avatar=\'null\', description=\'null\', roleName=\'null\'}\"', '127.0.0.1', '2019-01-02 21:10:55', '内网IP|0|0|内网IP|内网IP');
INSERT INTO `t_log` VALUES ('487', 'mrbird', '修改用户', '126', 'cc.mrbird.web.controller.system.UserController.updateUser()', 'user: \"MyUser{userId=172, username=\'null\', password=\'null\', deptId=9, deptName=\'null\', email=\'\', mobile=\'null\', status=\'1\', crateTime=null, modifyTime=Wed Jan 02 21:11:08 CST 2019, lastLoginTime=null, ssex=\'0\', theme=\'null\', avatar=\'null\', description=\'null\', roleName=\'null\'}\"  rolesSelect: \"[Ljava.lang.Long;@9884756\"', '127.0.0.1', '2019-01-02 21:11:09', '内网IP|0|0|内网IP|内网IP');
INSERT INTO `t_log` VALUES ('488', 'mrbird', '获取用户信息', '9', 'cc.mrbird.web.controller.system.UserController.userList()', 'request: \"QueryRequest{pageSize=10, pageNum=1}\"  user: \"MyUser{userId=null, username=\'\', password=\'null\', deptId=null, deptName=\'\', email=\'null\', mobile=\'null\', status=\'\', crateTime=null, modifyTime=null, lastLoginTime=null, ssex=\'\', theme=\'null\', avatar=\'null\', description=\'null\', roleName=\'null\'}\"', '127.0.0.1', '2019-01-02 21:11:09', '内网IP|0|0|内网IP|内网IP');
INSERT INTO `t_log` VALUES ('489', 'mrbird', '新增用户', '169', 'cc.mrbird.web.controller.system.UserController.addUser()', 'user: \"MyUser{userId=175, username=\'student\', password=\'$2a$10$eOGUzDh31RoOdeUfjirkye9K0ZRXA.YGG..nNfl7LeQt7fwKQzB62\', deptId=9, deptName=\'null\', email=\'\', mobile=\'null\', status=\'1\', crateTime=Wed Jan 02 21:11:46 CST 2019, modifyTime=null, lastLoginTime=null, ssex=\'1\', theme=\'green\', avatar=\'default.jpg\', description=\'null\', roleName=\'null\'}\"  roles: \"[Ljava.lang.Long;@c2465ae\"', '127.0.0.1', '2019-01-02 21:11:47', '内网IP|0|0|内网IP|内网IP');
INSERT INTO `t_log` VALUES ('490', 'mrbird', '获取用户信息', '10', 'cc.mrbird.web.controller.system.UserController.userList()', 'request: \"QueryRequest{pageSize=10, pageNum=1}\"  user: \"MyUser{userId=null, username=\'\', password=\'null\', deptId=null, deptName=\'\', email=\'null\', mobile=\'null\', status=\'\', crateTime=null, modifyTime=null, lastLoginTime=null, ssex=\'\', theme=\'null\', avatar=\'null\', description=\'null\', roleName=\'null\'}\"', '127.0.0.1', '2019-01-02 21:11:47', '内网IP|0|0|内网IP|内网IP');
INSERT INTO `t_log` VALUES ('491', 'mrbird', '获取调度日志信息', '4', 'cc.mrbird.web.controller.quartz.JobLogController.index()', '', '127.0.0.1', '2019-01-02 21:19:49', '内网IP|0|0|内网IP|内网IP');
INSERT INTO `t_log` VALUES ('492', 'mrbird', '获取定时任务信息', '5', 'cc.mrbird.web.controller.quartz.JobController.index()', '', '127.0.0.1', '2019-01-02 21:19:50', '内网IP|0|0|内网IP|内网IP');
INSERT INTO `t_log` VALUES ('493', 'mrbird', '获取调度日志信息', '0', 'cc.mrbird.web.controller.quartz.JobLogController.index()', '', '127.0.0.1', '2019-01-02 21:19:52', '内网IP|0|0|内网IP|内网IP');
INSERT INTO `t_log` VALUES ('494', 'mrbird', '获取定时任务信息', '0', 'cc.mrbird.web.controller.quartz.JobController.index()', '', '127.0.0.1', '2019-01-02 21:20:33', '内网IP|0|0|内网IP|内网IP');
INSERT INTO `t_log` VALUES ('495', 'mrbird', '获取每日一文信息', '4', 'cc.mrbird.web.controller.others.ArticleController.index()', '', '127.0.0.1', '2019-01-02 21:20:39', '内网IP|0|0|内网IP|内网IP');
INSERT INTO `t_log` VALUES ('496', 'mrbird', '获取天气信息', '4', 'cc.mrbird.web.controller.others.WeatherController.weather()', '', '127.0.0.1', '2019-01-02 21:20:42', '内网IP|0|0|内网IP|内网IP');
INSERT INTO `t_log` VALUES ('497', 'mrbird', '获取即将上映电影信息', '4', 'cc.mrbird.web.controller.others.MovieController.movieComing()', '', '127.0.0.1', '2019-01-02 21:20:45', '内网IP|0|0|内网IP|内网IP');
INSERT INTO `t_log` VALUES ('498', 'mrbird', '获取即将上映电影信息', '0', 'cc.mrbird.web.controller.others.MovieController.movieComing()', '', '127.0.0.1', '2019-01-02 21:20:49', '内网IP|0|0|内网IP|内网IP');
INSERT INTO `t_log` VALUES ('499', 'mrbird', '获取即将上映电影信息', '0', 'cc.mrbird.web.controller.others.MovieController.movieComing()', '', '127.0.0.1', '2019-01-02 21:21:03', '内网IP|0|0|内网IP|内网IP');
INSERT INTO `t_log` VALUES ('500', 'mrbird', '获取热门电影信息', '0', 'cc.mrbird.web.controller.others.MovieController.movieHot()', '', '127.0.0.1', '2019-01-02 21:21:04', '内网IP|0|0|内网IP|内网IP');
INSERT INTO `t_log` VALUES ('501', 'mrbird', '获取即将上映电影信息', '0', 'cc.mrbird.web.controller.others.MovieController.movieComing()', '', '127.0.0.1', '2019-01-02 21:21:12', '内网IP|0|0|内网IP|内网IP');
INSERT INTO `t_log` VALUES ('502', 'mrbird', '获取字典信息', '5', 'cc.mrbird.web.controller.system.DictController.index()', '', '127.0.0.1', '2019-01-02 21:22:28', '内网IP|0|0|内网IP|内网IP');
INSERT INTO `t_log` VALUES ('503', 'mrbird', '获取学院信息', '0', 'cc.mrbird.web.controller.system.DeptController.index()', '', '127.0.0.1', '2019-01-02 21:22:30', '内网IP|0|0|内网IP|内网IP');
INSERT INTO `t_log` VALUES ('504', 'mrbird', '获取系统所有URL', '2', 'cc.mrbird.web.controller.system.MenuController.getAllUrl()', '', '127.0.0.1', '2019-01-02 21:22:32', '内网IP|0|0|内网IP|内网IP');
INSERT INTO `t_log` VALUES ('505', 'mrbird', '获取角色信息', '0', 'cc.mrbird.web.controller.system.RoleController.index()', '', '127.0.0.1', '2019-01-02 21:22:32', '内网IP|0|0|内网IP|内网IP');
INSERT INTO `t_log` VALUES ('506', 'mrbird', '获取用户信息', '6', 'cc.mrbird.web.controller.system.UserController.userList()', 'request: \"QueryRequest{pageSize=10, pageNum=1}\"  user: \"MyUser{userId=null, username=\'\', password=\'null\', deptId=null, deptName=\'\', email=\'null\', mobile=\'null\', status=\'\', crateTime=null, modifyTime=null, lastLoginTime=null, ssex=\'\', theme=\'null\', avatar=\'null\', description=\'null\', roleName=\'null\'}\"', '127.0.0.1', '2019-01-02 21:22:35', '内网IP|0|0|内网IP|内网IP');
INSERT INTO `t_log` VALUES ('507', 'mrbird', '获取角色信息', '0', 'cc.mrbird.web.controller.system.RoleController.index()', '', '127.0.0.1', '2019-01-02 21:22:39', '内网IP|0|0|内网IP|内网IP');
INSERT INTO `t_log` VALUES ('508', 'mrbird', '获取用户信息', '5', 'cc.mrbird.web.controller.system.UserController.userList()', 'request: \"QueryRequest{pageSize=10, pageNum=1}\"  user: \"MyUser{userId=null, username=\'\', password=\'null\', deptId=null, deptName=\'\', email=\'null\', mobile=\'null\', status=\'\', crateTime=null, modifyTime=null, lastLoginTime=null, ssex=\'\', theme=\'null\', avatar=\'null\', description=\'null\', roleName=\'null\'}\"', '127.0.0.1', '2019-01-02 21:22:41', '内网IP|0|0|内网IP|内网IP');
INSERT INTO `t_log` VALUES ('509', 'mrbird', '获取角色信息', '0', 'cc.mrbird.web.controller.system.RoleController.index()', '', '127.0.0.1', '2019-01-02 21:27:06', '内网IP|0|0|内网IP|内网IP');
INSERT INTO `t_log` VALUES ('510', 'mrbird', '获取用户信息', '4', 'cc.mrbird.web.controller.system.UserController.userList()', 'request: \"QueryRequest{pageSize=10, pageNum=1}\"  user: \"MyUser{userId=null, username=\'\', password=\'null\', deptId=null, deptName=\'\', email=\'null\', mobile=\'null\', status=\'\', crateTime=null, modifyTime=null, lastLoginTime=null, ssex=\'\', theme=\'null\', avatar=\'null\', description=\'null\', roleName=\'null\'}\"', '127.0.0.1', '2019-01-02 21:27:09', '内网IP|0|0|内网IP|内网IP');
INSERT INTO `t_log` VALUES ('511', 'mrbird', '新增用户', '251', 'cc.mrbird.web.controller.system.UserController.addUser()', 'user: \"MyUser{userId=176, username=\'15302160128\', password=\'$2a$10$4Bkl2uD.63Q6HTqcf/XNcelzKvJcvVEihvReuK/5b1HMh9I3t8hOy\', deptId=10, deptName=\'null\', email=\'\', mobile=\'null\', status=\'1\', crateTime=Wed Jan 02 21:27:46 CST 2019, modifyTime=null, lastLoginTime=null, ssex=\'1\', theme=\'green\', avatar=\'default.jpg\', description=\'null\', roleName=\'null\'}\"  roles: \"[Ljava.lang.Long;@1dc0fe55\"', '127.0.0.1', '2019-01-02 21:27:47', '内网IP|0|0|内网IP|内网IP');
INSERT INTO `t_log` VALUES ('512', 'mrbird', '获取用户信息', '6', 'cc.mrbird.web.controller.system.UserController.userList()', 'request: \"QueryRequest{pageSize=10, pageNum=1}\"  user: \"MyUser{userId=null, username=\'\', password=\'null\', deptId=null, deptName=\'\', email=\'null\', mobile=\'null\', status=\'\', crateTime=null, modifyTime=null, lastLoginTime=null, ssex=\'\', theme=\'null\', avatar=\'null\', description=\'null\', roleName=\'null\'}\"', '127.0.0.1', '2019-01-02 21:27:47', '内网IP|0|0|内网IP|内网IP');
INSERT INTO `t_log` VALUES ('513', 'mrbird', '获取角色信息', '0', 'cc.mrbird.web.controller.system.RoleController.index()', '', '127.0.0.1', '2019-01-02 21:28:51', '内网IP|0|0|内网IP|内网IP');
INSERT INTO `t_log` VALUES ('514', 'mrbird', '获取系统所有URL', '1', 'cc.mrbird.web.controller.system.MenuController.getAllUrl()', '', '127.0.0.1', '2019-01-02 21:28:53', '内网IP|0|0|内网IP|内网IP');
INSERT INTO `t_log` VALUES ('515', 'mrbird', '获取用户信息', '6', 'cc.mrbird.web.controller.system.UserController.userList()', 'request: \"QueryRequest{pageSize=10, pageNum=1}\"  user: \"MyUser{userId=null, username=\'\', password=\'null\', deptId=null, deptName=\'\', email=\'null\', mobile=\'null\', status=\'\', crateTime=null, modifyTime=null, lastLoginTime=null, ssex=\'\', theme=\'null\', avatar=\'null\', description=\'null\', roleName=\'null\'}\"', '127.0.0.1', '2019-01-02 21:28:54', '内网IP|0|0|内网IP|内网IP');
INSERT INTO `t_log` VALUES ('516', 'mrbird', '修改用户', '113', 'cc.mrbird.web.controller.system.UserController.updateUser()', 'user: \"MyUser{userId=176, username=\'null\', password=\'null\', deptId=10, deptName=\'null\', email=\'\', mobile=\'null\', status=\'1\', crateTime=null, modifyTime=Wed Jan 02 21:29:16 CST 2019, lastLoginTime=null, ssex=\'1\', theme=\'null\', avatar=\'null\', description=\'null\', roleName=\'null\'}\"  rolesSelect: \"[Ljava.lang.Long;@2e3de678\"', '127.0.0.1', '2019-01-02 21:29:16', '内网IP|0|0|内网IP|内网IP');
INSERT INTO `t_log` VALUES ('517', 'mrbird', '获取用户信息', '6', 'cc.mrbird.web.controller.system.UserController.userList()', 'request: \"QueryRequest{pageSize=10, pageNum=1}\"  user: \"MyUser{userId=null, username=\'\', password=\'null\', deptId=null, deptName=\'\', email=\'null\', mobile=\'null\', status=\'\', crateTime=null, modifyTime=null, lastLoginTime=null, ssex=\'\', theme=\'null\', avatar=\'null\', description=\'null\', roleName=\'null\'}\"', '127.0.0.1', '2019-01-02 21:29:17', '内网IP|0|0|内网IP|内网IP');
INSERT INTO `t_log` VALUES ('518', 'mrbird', '获取用户信息', '29', 'cc.mrbird.web.controller.system.UserController.userList()', 'request: \"QueryRequest{pageSize=10, pageNum=1}\"  user: \"MyUser{userId=null, username=\'\', password=\'null\', deptId=null, deptName=\'\', email=\'null\', mobile=\'null\', status=\'\', crateTime=null, modifyTime=null, lastLoginTime=null, ssex=\'\', theme=\'null\', avatar=\'null\', description=\'null\', roleName=\'null\'}\"', '127.0.0.1', '2019-01-02 21:33:31', '内网IP|0|0|内网IP|内网IP');
INSERT INTO `t_log` VALUES ('519', 'mrbird', '修改用户', '110', 'cc.mrbird.web.controller.system.UserController.updateUser()', 'user: \"MyUser{userId=176, username=\'null\', password=\'null\', deptId=10, deptName=\'null\', email=\'\', mobile=\'null\', status=\'1\', crateTime=null, modifyTime=Wed Jan 02 21:33:48 CST 2019, lastLoginTime=null, ssex=\'1\', theme=\'null\', avatar=\'null\', description=\'null\', roleName=\'null\'}\"  rolesSelect: \"[Ljava.lang.Long;@1feca10f\"', '127.0.0.1', '2019-01-02 21:33:49', '内网IP|0|0|内网IP|内网IP');
INSERT INTO `t_log` VALUES ('520', 'mrbird', '获取用户信息', '16', 'cc.mrbird.web.controller.system.UserController.userList()', 'request: \"QueryRequest{pageSize=10, pageNum=1}\"  user: \"MyUser{userId=null, username=\'\', password=\'null\', deptId=null, deptName=\'\', email=\'null\', mobile=\'null\', status=\'\', crateTime=null, modifyTime=null, lastLoginTime=null, ssex=\'\', theme=\'null\', avatar=\'null\', description=\'null\', roleName=\'null\'}\"', '127.0.0.1', '2019-01-02 21:33:49', '内网IP|0|0|内网IP|内网IP');
INSERT INTO `t_log` VALUES ('521', 'mrbird', '获取用户信息', '31', 'cc.mrbird.web.controller.system.UserController.userList()', 'request: \"QueryRequest{pageSize=10, pageNum=1}\"  user: \"MyUser{userId=null, username=\'\', password=\'null\', deptId=null, deptName=\'\', email=\'null\', mobile=\'null\', status=\'\', crateTime=null, modifyTime=null, lastLoginTime=null, ssex=\'\', theme=\'null\', avatar=\'null\', description=\'null\', roleName=\'null\'}\"', '127.0.0.1', '2019-01-02 21:35:28', '内网IP|0|0|内网IP|内网IP');
INSERT INTO `t_log` VALUES ('522', 'mrbird', '修改用户', '137', 'cc.mrbird.web.controller.system.UserController.updateUser()', 'user: \"MyUser{userId=176, username=\'1530\', password=\'null\', deptId=10, deptName=\'null\', email=\'\', mobile=\'null\', status=\'1\', crateTime=null, modifyTime=Wed Jan 02 21:35:39 CST 2019, lastLoginTime=null, ssex=\'1\', theme=\'null\', avatar=\'null\', description=\'null\', roleName=\'null\'}\"  rolesSelect: \"[Ljava.lang.Long;@23d8b616\"', '127.0.0.1', '2019-01-02 21:35:40', '内网IP|0|0|内网IP|内网IP');
INSERT INTO `t_log` VALUES ('523', 'mrbird', '获取用户信息', '14', 'cc.mrbird.web.controller.system.UserController.userList()', 'request: \"QueryRequest{pageSize=10, pageNum=1}\"  user: \"MyUser{userId=null, username=\'\', password=\'null\', deptId=null, deptName=\'\', email=\'null\', mobile=\'null\', status=\'\', crateTime=null, modifyTime=null, lastLoginTime=null, ssex=\'\', theme=\'null\', avatar=\'null\', description=\'null\', roleName=\'null\'}\"', '127.0.0.1', '2019-01-02 21:35:40', '内网IP|0|0|内网IP|内网IP');
INSERT INTO `t_log` VALUES ('524', 'mrbird', '新增用户', '174', 'cc.mrbird.web.controller.system.UserController.addUser()', 'user: \"MyUser{userId=177, username=\'153\', password=\'$2a$10$jNBkAnmhfRgMvMN88YnBu.UFoKZwLUNFnGPTSR30/8p1x0j5bQuKK\', deptId=13, deptName=\'null\', email=\'\', mobile=\'null\', status=\'1\', crateTime=Wed Jan 02 21:36:31 CST 2019, modifyTime=null, lastLoginTime=null, ssex=\'0\', theme=\'green\', avatar=\'default.jpg\', description=\'null\', roleName=\'null\'}\"  roles: \"[Ljava.lang.Long;@640c6f75\"', '127.0.0.1', '2019-01-02 21:36:32', '内网IP|0|0|内网IP|内网IP');
INSERT INTO `t_log` VALUES ('525', 'mrbird', '获取用户信息', '7', 'cc.mrbird.web.controller.system.UserController.userList()', 'request: \"QueryRequest{pageSize=10, pageNum=1}\"  user: \"MyUser{userId=null, username=\'\', password=\'null\', deptId=null, deptName=\'\', email=\'null\', mobile=\'null\', status=\'\', crateTime=null, modifyTime=null, lastLoginTime=null, ssex=\'\', theme=\'null\', avatar=\'null\', description=\'null\', roleName=\'null\'}\"', '127.0.0.1', '2019-01-02 21:36:32', '内网IP|0|0|内网IP|内网IP');
INSERT INTO `t_log` VALUES ('526', 'mrbird', '删除用户', '106', 'cc.mrbird.web.controller.system.UserController.deleteUsers()', 'ids: \"176,177\"', '127.0.0.1', '2019-01-02 21:44:59', '内网IP|0|0|内网IP|内网IP');
INSERT INTO `t_log` VALUES ('527', 'mrbird', '获取用户信息', '6', 'cc.mrbird.web.controller.system.UserController.userList()', 'request: \"QueryRequest{pageSize=10, pageNum=1}\"  user: \"MyUser{userId=null, username=\'\', password=\'null\', deptId=null, deptName=\'\', email=\'null\', mobile=\'null\', status=\'\', crateTime=null, modifyTime=null, lastLoginTime=null, ssex=\'\', theme=\'null\', avatar=\'null\', description=\'null\', roleName=\'null\'}\"', '127.0.0.1', '2019-01-02 21:44:59', '内网IP|0|0|内网IP|内网IP');
INSERT INTO `t_log` VALUES ('528', 'mrbird', '获取系统所有URL', '26', 'cc.mrbird.web.controller.system.MenuController.getAllUrl()', '', '127.0.0.1', '2019-01-02 21:56:22', '内网IP|0|0|内网IP|内网IP');
INSERT INTO `t_log` VALUES ('529', 'mrbird', '获取系统所有URL', '23', 'cc.mrbird.web.controller.system.MenuController.getAllUrl()', '', '127.0.0.1', '2019-01-02 22:21:02', '内网IP|0|0|内网IP|内网IP');
INSERT INTO `t_log` VALUES ('530', 'mrbird', '获取系统所有URL', '1', 'cc.mrbird.web.controller.system.MenuController.getAllUrl()', '', '127.0.0.1', '2019-01-02 22:32:52', '内网IP|0|0|内网IP|内网IP');
INSERT INTO `t_log` VALUES ('531', 'mrbird', '获取系统所有URL', '1', 'cc.mrbird.web.controller.system.MenuController.getAllUrl()', '', '127.0.0.1', '2019-01-02 22:38:52', '内网IP|0|0|内网IP|内网IP');
INSERT INTO `t_log` VALUES ('532', 'mrbird', '更换主题', '56', 'cc.mrbird.web.controller.system.UserController.updateTheme()', 'user: \"MyUser{userId=null, username=\'mrbird\', password=\'null\', deptId=null, deptName=\'null\', email=\'null\', mobile=\'null\', status=\'1\', crateTime=null, modifyTime=null, lastLoginTime=null, ssex=\'null\', theme=\'purple\', avatar=\'null\', description=\'null\', roleName=\'null\'}\"', '127.0.0.1', '2019-01-02 22:47:07', '内网IP|0|0|内网IP|内网IP');
INSERT INTO `t_log` VALUES ('533', 'mrbird', '获取用户信息', '8', 'cc.mrbird.web.controller.system.UserController.userList()', 'request: \"QueryRequest{pageSize=10, pageNum=1}\"  user: \"MyUser{userId=null, username=\'\', password=\'null\', deptId=null, deptName=\'\', email=\'null\', mobile=\'null\', status=\'\', crateTime=null, modifyTime=null, lastLoginTime=null, ssex=\'\', theme=\'null\', avatar=\'null\', description=\'null\', roleName=\'null\'}\"', '127.0.0.1', '2019-01-02 22:47:29', '内网IP|0|0|内网IP|内网IP');
INSERT INTO `t_log` VALUES ('534', 'mrbird', '修改用户', '105', 'cc.mrbird.web.controller.system.UserController.updateUser()', 'user: \"MyUser{userId=1, username=\'alex\', password=\'null\', deptId=9, deptName=\'null\', email=\'mrbird@qq.com\', mobile=\'null\', status=\'1\', crateTime=null, modifyTime=Wed Jan 02 22:47:47 CST 2019, lastLoginTime=null, ssex=\'2\', theme=\'null\', avatar=\'null\', description=\'null\', roleName=\'null\'}\"  rolesSelect: \"[Ljava.lang.Long;@19bc3f4d\"', '127.0.0.1', '2019-01-02 22:47:47', '内网IP|0|0|内网IP|内网IP');
INSERT INTO `t_log` VALUES ('535', 'mrbird', '获取用户信息', '9', 'cc.mrbird.web.controller.system.UserController.userList()', 'request: \"QueryRequest{pageSize=10, pageNum=1}\"  user: \"MyUser{userId=null, username=\'\', password=\'null\', deptId=null, deptName=\'\', email=\'null\', mobile=\'null\', status=\'\', crateTime=null, modifyTime=null, lastLoginTime=null, ssex=\'\', theme=\'null\', avatar=\'null\', description=\'null\', roleName=\'null\'}\"', '127.0.0.1', '2019-01-02 22:47:48', '内网IP|0|0|内网IP|内网IP');
INSERT INTO `t_log` VALUES ('536', 'alex', '更换主题', '86', 'cc.mrbird.web.controller.system.UserController.updateTheme()', 'user: \"MyUser{userId=null, username=\'alex\', password=\'null\', deptId=null, deptName=\'null\', email=\'null\', mobile=\'null\', status=\'1\', crateTime=null, modifyTime=null, lastLoginTime=null, ssex=\'null\', theme=\'orange\', avatar=\'null\', description=\'null\', roleName=\'null\'}\"', '127.0.0.1', '2019-01-02 22:49:24', '内网IP|0|0|内网IP|内网IP');
INSERT INTO `t_log` VALUES ('537', 'alex', '获取系统所有URL', '23', 'cc.mrbird.web.controller.system.MenuController.getAllUrl()', '', '127.0.0.1', '2019-01-02 22:58:50', '内网IP|0|0|内网IP|内网IP');
INSERT INTO `t_log` VALUES ('538', 'alex', '获取角色信息', '4', 'cc.mrbird.web.controller.system.RoleController.index()', '', '127.0.0.1', '2019-01-02 22:58:50', '内网IP|0|0|内网IP|内网IP');
INSERT INTO `t_log` VALUES ('539', 'alex', '获取用户信息', '8', 'cc.mrbird.web.controller.system.UserController.userList()', 'request: \"QueryRequest{pageSize=10, pageNum=1}\"  user: \"MyUser{userId=null, username=\'\', password=\'null\', deptId=null, deptName=\'\', email=\'null\', mobile=\'null\', status=\'\', crateTime=null, modifyTime=null, lastLoginTime=null, ssex=\'\', theme=\'null\', avatar=\'null\', description=\'null\', roleName=\'null\'}\"', '127.0.0.1', '2019-01-02 22:58:54', '内网IP|0|0|内网IP|内网IP');
INSERT INTO `t_log` VALUES ('540', '123456', '更换主题', '68', 'cc.mrbird.web.controller.system.UserController.updateTheme()', 'user: \"MyUser{userId=null, username=\'123456\', password=\'null\', deptId=null, deptName=\'null\', email=\'null\', mobile=\'null\', status=\'1\', crateTime=null, modifyTime=null, lastLoginTime=null, ssex=\'null\', theme=\'red\', avatar=\'null\', description=\'null\', roleName=\'null\'}\"', '127.0.0.1', '2019-01-02 22:59:44', '内网IP|0|0|内网IP|内网IP');
INSERT INTO `t_log` VALUES ('541', 'teacher', '更换主题', '69', 'cc.mrbird.web.controller.system.UserController.updateTheme()', 'user: \"MyUser{userId=null, username=\'teacher\', password=\'null\', deptId=null, deptName=\'null\', email=\'null\', mobile=\'null\', status=\'1\', crateTime=null, modifyTime=null, lastLoginTime=null, ssex=\'null\', theme=\'orange\', avatar=\'null\', description=\'null\', roleName=\'null\'}\"', '127.0.0.1', '2019-01-02 23:00:46', '内网IP|0|0|内网IP|内网IP');
INSERT INTO `t_log` VALUES ('542', 'student', '更换主题', '137', 'cc.mrbird.web.controller.system.UserController.updateTheme()', 'user: \"MyUser{userId=null, username=\'student\', password=\'null\', deptId=null, deptName=\'null\', email=\'null\', mobile=\'null\', status=\'1\', crateTime=null, modifyTime=null, lastLoginTime=null, ssex=\'null\', theme=\'purple\', avatar=\'null\', description=\'null\', roleName=\'null\'}\"', '127.0.0.1', '2019-01-02 23:02:25', '内网IP|0|0|内网IP|内网IP');
INSERT INTO `t_log` VALUES ('543', 'alex', '获取角色信息', '0', 'cc.mrbird.web.controller.system.RoleController.index()', '', '127.0.0.1', '2019-01-02 23:02:38', '内网IP|0|0|内网IP|内网IP');
INSERT INTO `t_log` VALUES ('544', 'alex', '获取用户信息', '6', 'cc.mrbird.web.controller.system.UserController.userList()', 'request: \"QueryRequest{pageSize=10, pageNum=1}\"  user: \"MyUser{userId=null, username=\'\', password=\'null\', deptId=null, deptName=\'\', email=\'null\', mobile=\'null\', status=\'\', crateTime=null, modifyTime=null, lastLoginTime=null, ssex=\'\', theme=\'null\', avatar=\'null\', description=\'null\', roleName=\'null\'}\"', '127.0.0.1', '2019-01-02 23:02:40', '内网IP|0|0|内网IP|内网IP');
INSERT INTO `t_log` VALUES ('545', 'alex', '获取角色信息', '0', 'cc.mrbird.web.controller.system.RoleController.index()', '', '127.0.0.1', '2019-01-02 23:06:20', '内网IP|0|0|内网IP|内网IP');
INSERT INTO `t_log` VALUES ('546', 'alex', '获取系统所有URL', '1', 'cc.mrbird.web.controller.system.MenuController.getAllUrl()', '', '127.0.0.1', '2019-01-02 23:06:21', '内网IP|0|0|内网IP|内网IP');
INSERT INTO `t_log` VALUES ('547', 'alex', '获取用户信息', '4', 'cc.mrbird.web.controller.system.UserController.userList()', 'request: \"QueryRequest{pageSize=10, pageNum=1}\"  user: \"MyUser{userId=null, username=\'\', password=\'null\', deptId=null, deptName=\'\', email=\'null\', mobile=\'null\', status=\'\', crateTime=null, modifyTime=null, lastLoginTime=null, ssex=\'\', theme=\'null\', avatar=\'null\', description=\'null\', roleName=\'null\'}\"', '127.0.0.1', '2019-01-02 23:06:25', '内网IP|0|0|内网IP|内网IP');
INSERT INTO `t_log` VALUES ('548', 'alex', '获取角色信息', '0', 'cc.mrbird.web.controller.system.RoleController.index()', '', '127.0.0.1', '2019-01-02 23:06:25', '内网IP|0|0|内网IP|内网IP');
INSERT INTO `t_log` VALUES ('549', 'alex', '获取系统所有URL', '1', 'cc.mrbird.web.controller.system.MenuController.getAllUrl()', '', '127.0.0.1', '2019-01-02 23:06:27', '内网IP|0|0|内网IP|内网IP');
INSERT INTO `t_log` VALUES ('550', 'alex', '获取学院信息', '1', 'cc.mrbird.web.controller.system.DeptController.index()', '', '127.0.0.1', '2019-01-02 23:06:29', '内网IP|0|0|内网IP|内网IP');
INSERT INTO `t_log` VALUES ('551', 'alex', '获取用户信息', '6', 'cc.mrbird.web.controller.system.UserController.userList()', 'request: \"QueryRequest{pageSize=10, pageNum=1}\"  user: \"MyUser{userId=null, username=\'\', password=\'null\', deptId=null, deptName=\'\', email=\'null\', mobile=\'null\', status=\'\', crateTime=null, modifyTime=null, lastLoginTime=null, ssex=\'\', theme=\'null\', avatar=\'null\', description=\'null\', roleName=\'null\'}\"', '127.0.0.1', '2019-01-02 23:06:34', '内网IP|0|0|内网IP|内网IP');
INSERT INTO `t_log` VALUES ('552', 'alex', '获取角色信息', '0', 'cc.mrbird.web.controller.system.RoleController.index()', '', '127.0.0.1', '2019-01-02 23:06:36', '内网IP|0|0|内网IP|内网IP');
INSERT INTO `t_log` VALUES ('553', 'alex', '获取系统所有URL', '1', 'cc.mrbird.web.controller.system.MenuController.getAllUrl()', '', '127.0.0.1', '2019-01-02 23:06:38', '内网IP|0|0|内网IP|内网IP');
INSERT INTO `t_log` VALUES ('554', 'alex', '获取用户信息', '5', 'cc.mrbird.web.controller.system.UserController.userList()', 'request: \"QueryRequest{pageSize=10, pageNum=1}\"  user: \"MyUser{userId=null, username=\'\', password=\'null\', deptId=null, deptName=\'\', email=\'null\', mobile=\'null\', status=\'\', crateTime=null, modifyTime=null, lastLoginTime=null, ssex=\'\', theme=\'null\', avatar=\'null\', description=\'null\', roleName=\'null\'}\"', '127.0.0.1', '2019-01-02 23:06:38', '内网IP|0|0|内网IP|内网IP');
INSERT INTO `t_log` VALUES ('555', 'alex', '获取学院信息', '0', 'cc.mrbird.web.controller.system.DeptController.index()', '', '127.0.0.1', '2019-01-02 23:06:40', '内网IP|0|0|内网IP|内网IP');
INSERT INTO `t_log` VALUES ('556', 'alex', '删除学院', '213', 'cc.mrbird.web.controller.system.DeptController.deleteDepts()', 'ids: \"1,2,3,5,6\"', '127.0.0.1', '2019-01-02 23:06:49', '内网IP|0|0|内网IP|内网IP');
INSERT INTO `t_log` VALUES ('557', 'alex', '获取角色信息', '0', 'cc.mrbird.web.controller.system.RoleController.index()', '', '127.0.0.1', '2019-01-02 23:06:51', '内网IP|0|0|内网IP|内网IP');
INSERT INTO `t_log` VALUES ('558', 'alex', '删除角色', '109', 'cc.mrbird.web.controller.system.RoleController.deleteRoles()', 'ids: \"3\"', '127.0.0.1', '2019-01-02 23:07:05', '内网IP|0|0|内网IP|内网IP');
INSERT INTO `t_log` VALUES ('559', 'alex', '获取用户信息', '5', 'cc.mrbird.web.controller.system.UserController.userList()', 'request: \"QueryRequest{pageSize=10, pageNum=1}\"  user: \"MyUser{userId=null, username=\'\', password=\'null\', deptId=null, deptName=\'\', email=\'null\', mobile=\'null\', status=\'\', crateTime=null, modifyTime=null, lastLoginTime=null, ssex=\'\', theme=\'null\', avatar=\'null\', description=\'null\', roleName=\'null\'}\"', '127.0.0.1', '2019-01-02 23:07:07', '内网IP|0|0|内网IP|内网IP');
INSERT INTO `t_log` VALUES ('560', 'alex', '获取角色信息', '0', 'cc.mrbird.web.controller.system.RoleController.index()', '', '127.0.0.1', '2019-01-02 23:07:20', '内网IP|0|0|内网IP|内网IP');
INSERT INTO `t_log` VALUES ('561', 'alex', '获取系统所有URL', '1', 'cc.mrbird.web.controller.system.MenuController.getAllUrl()', '', '127.0.0.1', '2019-01-02 23:07:33', '内网IP|0|0|内网IP|内网IP');
INSERT INTO `t_log` VALUES ('562', 'alex', '获取学院信息', '0', 'cc.mrbird.web.controller.system.DeptController.index()', '', '127.0.0.1', '2019-01-02 23:07:40', '内网IP|0|0|内网IP|内网IP');
INSERT INTO `t_log` VALUES ('563', 'alex', '获取系统所有URL', '1', 'cc.mrbird.web.controller.system.MenuController.getAllUrl()', '', '127.0.0.1', '2019-01-02 23:07:49', '内网IP|0|0|内网IP|内网IP');
INSERT INTO `t_log` VALUES ('564', 'alex', '获取角色信息', '0', 'cc.mrbird.web.controller.system.RoleController.index()', '', '127.0.0.1', '2019-01-02 23:07:50', '内网IP|0|0|内网IP|内网IP');
INSERT INTO `t_log` VALUES ('565', 'alex', '获取用户信息', '4', 'cc.mrbird.web.controller.system.UserController.userList()', 'request: \"QueryRequest{pageSize=10, pageNum=1}\"  user: \"MyUser{userId=null, username=\'\', password=\'null\', deptId=null, deptName=\'\', email=\'null\', mobile=\'null\', status=\'\', crateTime=null, modifyTime=null, lastLoginTime=null, ssex=\'\', theme=\'null\', avatar=\'null\', description=\'null\', roleName=\'null\'}\"', '127.0.0.1', '2019-01-02 23:07:51', '内网IP|0|0|内网IP|内网IP');
INSERT INTO `t_log` VALUES ('566', 'alex', '获取用户信息', '21', 'cc.mrbird.web.controller.system.UserController.userList()', 'request: \"QueryRequest{pageSize=10, pageNum=1}\"  user: \"MyUser{userId=null, username=\'\', password=\'null\', deptId=null, deptName=\'数控1班\', email=\'null\', mobile=\'null\', status=\'\', crateTime=null, modifyTime=null, lastLoginTime=null, ssex=\'\', theme=\'null\', avatar=\'null\', description=\'null\', roleName=\'null\'}\"', '127.0.0.1', '2019-01-02 23:08:13', '内网IP|0|0|内网IP|内网IP');
INSERT INTO `t_log` VALUES ('567', 'alex', '获取用户信息', '6', 'cc.mrbird.web.controller.system.UserController.userList()', 'request: \"QueryRequest{pageSize=10, pageNum=1}\"  user: \"MyUser{userId=null, username=\'\', password=\'null\', deptId=null, deptName=\'\', email=\'null\', mobile=\'null\', status=\'\', crateTime=null, modifyTime=null, lastLoginTime=null, ssex=\'\', theme=\'null\', avatar=\'null\', description=\'null\', roleName=\'null\'}\"', '127.0.0.1', '2019-01-02 23:08:23', '内网IP|0|0|内网IP|内网IP');
INSERT INTO `t_log` VALUES ('568', 'alex', '获取用户信息', '8', 'cc.mrbird.web.controller.system.UserController.userList()', 'request: \"QueryRequest{pageSize=10, pageNum=1}\"  user: \"MyUser{userId=null, username=\'\', password=\'null\', deptId=null, deptName=\'16软件一班\', email=\'null\', mobile=\'null\', status=\'\', crateTime=null, modifyTime=null, lastLoginTime=null, ssex=\'\', theme=\'null\', avatar=\'null\', description=\'null\', roleName=\'null\'}\"', '127.0.0.1', '2019-01-02 23:08:32', '内网IP|0|0|内网IP|内网IP');
INSERT INTO `t_log` VALUES ('569', 'alex', '获取角色信息', '4', 'cc.mrbird.web.controller.system.RoleController.index()', '', '127.0.0.1', '2019-01-02 23:12:53', '内网IP|0|0|内网IP|内网IP');
INSERT INTO `t_log` VALUES ('570', 'alex', '获取用户信息', '10', 'cc.mrbird.web.controller.system.UserController.userList()', 'request: \"QueryRequest{pageSize=10, pageNum=1}\"  user: \"MyUser{userId=null, username=\'\', password=\'null\', deptId=null, deptName=\'\', email=\'null\', mobile=\'null\', status=\'\', crateTime=null, modifyTime=null, lastLoginTime=null, ssex=\'\', theme=\'null\', avatar=\'null\', description=\'null\', roleName=\'null\'}\"', '127.0.0.1', '2019-01-02 23:12:54', '内网IP|0|0|内网IP|内网IP');
INSERT INTO `t_log` VALUES ('571', 'alex', '获取学院信息', '0', 'cc.mrbird.web.controller.system.DeptController.index()', '', '127.0.0.1', '2019-01-02 23:12:56', '内网IP|0|0|内网IP|内网IP');
INSERT INTO `t_log` VALUES ('572', 'alex', '修改学院', '58', 'cc.mrbird.web.controller.system.DeptController.updateRole()', 'dept: \"cc.mrbird.system.domain.Dept@26eea609\"', '127.0.0.1', '2019-01-02 23:13:08', '内网IP|0|0|内网IP|内网IP');
INSERT INTO `t_log` VALUES ('573', 'alex', '获取学院信息', '5', 'cc.mrbird.web.controller.system.DeptController.index()', '', '127.0.0.1', '2019-01-02 23:15:13', '内网IP|0|0|内网IP|内网IP');
INSERT INTO `t_log` VALUES ('574', 'alex', '修改学院', '47', 'cc.mrbird.web.controller.system.DeptController.updateRole()', 'dept: \"cc.mrbird.system.domain.Dept@737ec206\"', '127.0.0.1', '2019-01-02 23:16:02', '内网IP|0|0|内网IP|内网IP');
INSERT INTO `t_log` VALUES ('575', 'alex', '获取角色信息', '5', 'cc.mrbird.web.controller.system.RoleController.index()', '', '127.0.0.1', '2019-01-02 23:16:14', '内网IP|0|0|内网IP|内网IP');
INSERT INTO `t_log` VALUES ('576', 'alex', '获取用户信息', '9', 'cc.mrbird.web.controller.system.UserController.userList()', 'request: \"QueryRequest{pageSize=10, pageNum=1}\"  user: \"MyUser{userId=null, username=\'\', password=\'null\', deptId=null, deptName=\'\', email=\'null\', mobile=\'null\', status=\'\', crateTime=null, modifyTime=null, lastLoginTime=null, ssex=\'\', theme=\'null\', avatar=\'null\', description=\'null\', roleName=\'null\'}\"', '127.0.0.1', '2019-01-02 23:16:16', '内网IP|0|0|内网IP|内网IP');
INSERT INTO `t_log` VALUES ('577', 'alex', '获取角色信息', '0', 'cc.mrbird.web.controller.system.RoleController.index()', '', '127.0.0.1', '2019-01-02 23:16:18', '内网IP|0|0|内网IP|内网IP');
INSERT INTO `t_log` VALUES ('578', 'alex', '获取学院信息', '0', 'cc.mrbird.web.controller.system.DeptController.index()', '', '127.0.0.1', '2019-01-02 23:16:19', '内网IP|0|0|内网IP|内网IP');
INSERT INTO `t_log` VALUES ('579', 'alex', '修改学院', '47', 'cc.mrbird.web.controller.system.DeptController.updateRole()', 'dept: \"cc.mrbird.system.domain.Dept@6ded04be\"', '127.0.0.1', '2019-01-02 23:16:38', '内网IP|0|0|内网IP|内网IP');

-- ----------------------------
-- Table structure for t_menu
-- ----------------------------
DROP TABLE IF EXISTS `t_menu`;
CREATE TABLE `t_menu` (
  `MENU_ID` bigint(20) NOT NULL AUTO_INCREMENT COMMENT '菜单/按钮ID',
  `PARENT_ID` bigint(20) NOT NULL COMMENT '上级菜单ID',
  `MENU_NAME` varchar(50) NOT NULL COMMENT '菜单/按钮名称',
  `URL` varchar(100) DEFAULT NULL COMMENT '菜单URL',
  `PERMS` text COMMENT '权限标识',
  `ICON` varchar(50) DEFAULT NULL COMMENT '图标',
  `TYPE` char(2) NOT NULL COMMENT '类型 0菜单 1按钮',
  `ORDER_NUM` bigint(20) DEFAULT NULL COMMENT '排序',
  `CREATE_TIME` datetime NOT NULL COMMENT '创建时间',
  `MODIFY_TIME` datetime DEFAULT NULL COMMENT '修改时间',
  PRIMARY KEY (`MENU_ID`)
) ENGINE=InnoDB AUTO_INCREMENT=136 DEFAULT CHARSET=utf8;

-- ----------------------------
-- Records of t_menu
-- ----------------------------
INSERT INTO `t_menu` VALUES ('1', '0', '系统管理', null, null, 'zmdi zmdi-settings', '0', '1', '2017-12-27 16:39:07', null);
INSERT INTO `t_menu` VALUES ('2', '0', '系统监控', null, null, 'zmdi zmdi-shield-security', '0', '2', '2017-12-27 16:45:51', '2018-01-17 17:08:28');
INSERT INTO `t_menu` VALUES ('3', '1', '用户管理', 'user', 'user:list', '', '0', '1', '2017-12-27 16:47:13', '2018-04-25 09:00:01');
INSERT INTO `t_menu` VALUES ('4', '1', '角色管理', 'role', 'role:list', '', '0', '2', '2017-12-27 16:48:09', '2018-04-25 09:01:12');
INSERT INTO `t_menu` VALUES ('5', '1', '菜单管理', 'menu', 'menu:list', '', '0', '3', '2017-12-27 16:48:57', '2018-04-25 09:01:30');
INSERT INTO `t_menu` VALUES ('6', '1', '学院管理', 'dept', 'dept:list', '', '0', '4', '2017-12-27 16:57:33', '2018-12-18 17:18:34');
INSERT INTO `t_menu` VALUES ('8', '2', '在线用户', 'session', 'session:list', '', '0', '1', '2017-12-27 16:59:33', '2018-04-25 09:02:04');
INSERT INTO `t_menu` VALUES ('10', '2', '系统日志', 'log', 'log:list', '', '0', '3', '2017-12-27 17:00:50', '2018-04-25 09:02:18');
INSERT INTO `t_menu` VALUES ('11', '3', '新增用户', null, 'user:add', null, '1', null, '2017-12-27 17:02:58', null);
INSERT INTO `t_menu` VALUES ('12', '3', '修改用户', null, 'user:update', null, '1', null, '2017-12-27 17:04:07', null);
INSERT INTO `t_menu` VALUES ('13', '3', '删除用户', null, 'user:delete', null, '1', null, '2017-12-27 17:04:58', null);
INSERT INTO `t_menu` VALUES ('14', '4', '新增角色', null, 'role:add', null, '1', null, '2017-12-27 17:06:38', null);
INSERT INTO `t_menu` VALUES ('15', '4', '修改角色', null, 'role:update', null, '1', null, '2017-12-27 17:06:38', null);
INSERT INTO `t_menu` VALUES ('16', '4', '删除角色', null, 'role:delete', null, '1', null, '2017-12-27 17:06:38', null);
INSERT INTO `t_menu` VALUES ('17', '5', '新增菜单', null, 'menu:add', null, '1', null, '2017-12-27 17:08:02', null);
INSERT INTO `t_menu` VALUES ('18', '5', '修改菜单', null, 'menu:update', null, '1', null, '2017-12-27 17:08:02', null);
INSERT INTO `t_menu` VALUES ('19', '5', '删除菜单', null, 'menu:delete', null, '1', null, '2017-12-27 17:08:02', null);
INSERT INTO `t_menu` VALUES ('20', '6', '新增部门', null, 'dept:add', null, '1', null, '2017-12-27 17:09:24', null);
INSERT INTO `t_menu` VALUES ('21', '6', '修改部门', null, 'dept:update', null, '1', null, '2017-12-27 17:09:24', null);
INSERT INTO `t_menu` VALUES ('22', '6', '删除部门', null, 'dept:delete', null, '1', null, '2017-12-27 17:09:24', null);
INSERT INTO `t_menu` VALUES ('23', '8', '踢出用户', '', 'session:kickout', '', '1', null, '2017-12-27 17:11:13', '2018-09-06 18:45:27');
INSERT INTO `t_menu` VALUES ('24', '10', '删除日志', null, 'log:delete', null, '1', null, '2017-12-27 17:11:45', null);
INSERT INTO `t_menu` VALUES ('58', '0', '网络资源', null, null, 'zmdi zmdi-globe-alt', '0', null, '2018-01-12 15:28:48', '2018-01-22 19:49:26');
INSERT INTO `t_menu` VALUES ('59', '58', '天气查询', 'weather', 'weather:list', '', '0', null, '2018-01-12 15:40:02', '2018-04-25 09:02:57');
INSERT INTO `t_menu` VALUES ('61', '58', '每日一文', 'article', 'article:list', '', '0', null, '2018-01-15 17:17:14', '2018-04-25 09:03:08');
INSERT INTO `t_menu` VALUES ('64', '1', '字典管理', 'dict', 'dict:list', '', '0', null, '2018-01-18 10:38:25', '2018-09-07 21:23:58');
INSERT INTO `t_menu` VALUES ('65', '64', '新增字典', null, 'dict:add', null, '1', null, '2018-01-18 19:10:08', null);
INSERT INTO `t_menu` VALUES ('66', '64', '修改字典', null, 'dict:update', null, '1', null, '2018-01-18 19:10:27', null);
INSERT INTO `t_menu` VALUES ('67', '64', '删除字典', null, 'dict:delete', null, '1', null, '2018-01-18 19:10:47', null);
INSERT INTO `t_menu` VALUES ('81', '58', '影视资讯', null, null, null, '0', null, '2018-01-22 14:12:59', null);
INSERT INTO `t_menu` VALUES ('82', '81', '正在热映', 'movie/hot', 'movie:hot', '', '0', null, '2018-01-22 14:13:47', '2018-04-25 09:03:48');
INSERT INTO `t_menu` VALUES ('83', '81', '即将上映', 'movie/coming', 'movie:coming', '', '0', null, '2018-01-22 14:14:36', '2018-04-25 09:04:05');
INSERT INTO `t_menu` VALUES ('101', '0', '任务调度', null, null, 'zmdi zmdi-alarm', '0', null, '2018-02-24 15:52:57', null);
INSERT INTO `t_menu` VALUES ('102', '101', '定时任务', 'job', 'job:list', '', '0', null, '2018-02-24 15:53:53', '2018-04-25 09:05:12');
INSERT INTO `t_menu` VALUES ('103', '102', '新增任务', null, 'job:add', null, '1', null, '2018-02-24 15:55:10', null);
INSERT INTO `t_menu` VALUES ('104', '102', '修改任务', null, 'job:update', null, '1', null, '2018-02-24 15:55:53', null);
INSERT INTO `t_menu` VALUES ('105', '102', '删除任务', null, 'job:delete', null, '1', null, '2018-02-24 15:56:18', null);
INSERT INTO `t_menu` VALUES ('106', '102', '暂停任务', null, 'job:pause', null, '1', null, '2018-02-24 15:57:08', null);
INSERT INTO `t_menu` VALUES ('107', '102', '恢复任务', null, 'job:resume', null, '1', null, '2018-02-24 15:58:21', null);
INSERT INTO `t_menu` VALUES ('108', '102', '立即执行任务', null, 'job:run', null, '1', null, '2018-02-24 15:59:45', null);
INSERT INTO `t_menu` VALUES ('109', '101', '调度日志', 'jobLog', 'jobLog:list', '', '0', null, '2018-02-24 16:00:45', '2018-04-25 09:05:25');
INSERT INTO `t_menu` VALUES ('110', '109', '删除日志', null, 'jobLog:delete', null, '1', null, '2018-02-24 16:01:21', null);
INSERT INTO `t_menu` VALUES ('113', '2', 'Redis监控', 'redis/info', 'redis:list', '', '0', null, '2018-06-28 14:29:42', null);
INSERT INTO `t_menu` VALUES ('114', '2', 'Redis终端', 'redis/terminal', 'redis:terminal', '', '0', null, '2018-06-28 15:35:21', null);
INSERT INTO `t_menu` VALUES ('115', '0', '测试页面', '', '', 'zmdi zmdi-steam', '0', null, '2018-12-13 08:27:39', '2018-12-13 08:48:37');
INSERT INTO `t_menu` VALUES ('116', '115', '测试页面1', 'test/hello', '1', 'zmdi zmdi-airplane', '0', null, '2018-12-13 08:35:39', '2018-12-13 08:47:50');
INSERT INTO `t_menu` VALUES ('117', '115', 'java', 'test/java1', '', 'zmdi zmdi-attachment-alt', '0', null, '2018-12-17 16:46:13', '2018-12-17 17:10:06');
INSERT INTO `t_menu` VALUES ('118', '115', 'ps', 'test/ps1', '', 'zmdi zmdi-archive', '0', null, '2018-12-17 16:46:32', '2018-12-17 17:10:21');
INSERT INTO `t_menu` VALUES ('123', '125', '课程管理', 'course/index', '', 'zmdi zmdi-group', '0', null, '2018-12-20 14:30:48', '2018-12-26 14:15:28');
INSERT INTO `t_menu` VALUES ('124', '125', '章节题目', 'point/index', '', 'zmdi zmdi-puzzle-piece', '0', null, '2018-12-20 14:32:14', '2019-01-02 22:39:25');
INSERT INTO `t_menu` VALUES ('125', '0', '课堂管理', '', '', 'zmdi zmdi-assignment-account', '0', null, '2018-12-20 14:37:31', '2019-01-02 22:39:04');
INSERT INTO `t_menu` VALUES ('126', '134', '作业记录', 'studentDetail/indexByUser', '', 'zmdi zmdi-receipt', '0', null, '2018-12-20 15:09:59', '2019-01-02 22:40:05');
INSERT INTO `t_menu` VALUES ('127', '0', '在线工具', '', '', 'zmdi zmdi-sort-asc', '0', null, '2018-12-20 15:12:05', null);
INSERT INTO `t_menu` VALUES ('128', '127', '在线编程', 'test/java1', '', 'zmdi zmdi-window-maximize', '0', null, '2018-12-20 15:12:49', '2019-01-01 20:08:49');
INSERT INTO `t_menu` VALUES ('129', '127', '在线网页制作', 'test/hello', '', 'zmdi zmdi-cast-connected', '0', null, '2018-12-20 15:13:03', '2019-01-01 20:11:15');
INSERT INTO `t_menu` VALUES ('130', '127', '在线设计', 'test/ps1', '', 'zmdi zmdi-local-parking', '0', null, '2018-12-20 15:13:25', '2019-01-01 20:09:56');
INSERT INTO `t_menu` VALUES ('131', '134', '布置作业', 'homeWord/index', '', 'zmdi zmdi-collection-plus', '0', null, '2018-12-24 15:56:07', '2018-12-26 17:44:03');
INSERT INTO `t_menu` VALUES ('132', '134', '作业批改', 'corrWord/index', '', 'zmdi zmdi-ruler', '0', null, '2018-12-24 15:56:24', '2019-01-01 20:50:16');
INSERT INTO `t_menu` VALUES ('133', '134', '我的作业', 'myHomeWord/index', '', 'zmdi zmdi-account-box-mail', '0', null, '2018-12-24 15:58:49', '2018-12-26 17:44:24');
INSERT INTO `t_menu` VALUES ('134', '0', '作业管理', '', '', 'zmdi zmdi-book-image', '0', null, '2018-12-26 17:43:39', '2018-12-28 11:40:49');
INSERT INTO `t_menu` VALUES ('135', '0', '班级管理', 'clazz/index', '', 'zmdi zmdi-dns', '0', null, '2018-12-28 11:31:56', '2018-12-28 12:11:22');

-- ----------------------------
-- Table structure for t_role
-- ----------------------------
DROP TABLE IF EXISTS `t_role`;
CREATE TABLE `t_role` (
  `ROLE_ID` bigint(20) NOT NULL AUTO_INCREMENT COMMENT '角色ID',
  `ROLE_NAME` varchar(100) NOT NULL COMMENT '角色名称',
  `REMARK` varchar(100) DEFAULT NULL COMMENT '角色描述',
  `CREATE_TIME` datetime NOT NULL COMMENT '创建时间',
  `MODIFY_TIME` datetime DEFAULT NULL COMMENT '修改时间',
  PRIMARY KEY (`ROLE_ID`)
) ENGINE=InnoDB AUTO_INCREMENT=7 DEFAULT CHARSET=utf8;

-- ----------------------------
-- Records of t_role
-- ----------------------------
INSERT INTO `t_role` VALUES ('1', '管理员', '管理员', '2017-12-27 16:23:11', '2018-12-28 11:32:15');
INSERT INTO `t_role` VALUES ('2', '注册用户', '注册用户', '2018-09-04 16:23:09', '2018-09-15 14:56:53');
INSERT INTO `t_role` VALUES ('4', '学生用户', '', '2018-12-20 15:34:58', '2019-01-02 21:05:46');
INSERT INTO `t_role` VALUES ('5', '教师用户', '', '2019-01-01 20:28:42', '2019-01-02 21:06:04');
INSERT INTO `t_role` VALUES ('6', '普通用户', '普普通通', '2019-01-02 20:56:52', null);

-- ----------------------------
-- Table structure for t_role_menu
-- ----------------------------
DROP TABLE IF EXISTS `t_role_menu`;
CREATE TABLE `t_role_menu` (
  `ROLE_ID` bigint(20) NOT NULL COMMENT '角色ID',
  `MENU_ID` bigint(20) NOT NULL COMMENT '菜单/按钮ID'
) ENGINE=InnoDB DEFAULT CHARSET=utf8;

-- ----------------------------
-- Records of t_role_menu
-- ----------------------------
INSERT INTO `t_role_menu` VALUES ('2', '1');
INSERT INTO `t_role_menu` VALUES ('2', '3');
INSERT INTO `t_role_menu` VALUES ('2', '4');
INSERT INTO `t_role_menu` VALUES ('2', '2');
INSERT INTO `t_role_menu` VALUES ('2', '8');
INSERT INTO `t_role_menu` VALUES ('2', '11');
INSERT INTO `t_role_menu` VALUES ('2', '14');
INSERT INTO `t_role_menu` VALUES ('2', '5');
INSERT INTO `t_role_menu` VALUES ('2', '17');
INSERT INTO `t_role_menu` VALUES ('2', '6');
INSERT INTO `t_role_menu` VALUES ('2', '20');
INSERT INTO `t_role_menu` VALUES ('2', '64');
INSERT INTO `t_role_menu` VALUES ('2', '65');
INSERT INTO `t_role_menu` VALUES ('2', '10');
INSERT INTO `t_role_menu` VALUES ('2', '113');
INSERT INTO `t_role_menu` VALUES ('2', '114');
INSERT INTO `t_role_menu` VALUES ('2', '58');
INSERT INTO `t_role_menu` VALUES ('2', '59');
INSERT INTO `t_role_menu` VALUES ('2', '61');
INSERT INTO `t_role_menu` VALUES ('2', '81');
INSERT INTO `t_role_menu` VALUES ('2', '82');
INSERT INTO `t_role_menu` VALUES ('2', '83');
INSERT INTO `t_role_menu` VALUES ('2', '101');
INSERT INTO `t_role_menu` VALUES ('2', '102');
INSERT INTO `t_role_menu` VALUES ('2', '103');
INSERT INTO `t_role_menu` VALUES ('2', '109');
INSERT INTO `t_role_menu` VALUES ('1', '59');
INSERT INTO `t_role_menu` VALUES ('1', '2');
INSERT INTO `t_role_menu` VALUES ('1', '3');
INSERT INTO `t_role_menu` VALUES ('1', '67');
INSERT INTO `t_role_menu` VALUES ('1', '1');
INSERT INTO `t_role_menu` VALUES ('1', '4');
INSERT INTO `t_role_menu` VALUES ('1', '5');
INSERT INTO `t_role_menu` VALUES ('1', '6');
INSERT INTO `t_role_menu` VALUES ('1', '20');
INSERT INTO `t_role_menu` VALUES ('1', '21');
INSERT INTO `t_role_menu` VALUES ('1', '22');
INSERT INTO `t_role_menu` VALUES ('1', '10');
INSERT INTO `t_role_menu` VALUES ('1', '8');
INSERT INTO `t_role_menu` VALUES ('1', '58');
INSERT INTO `t_role_menu` VALUES ('1', '66');
INSERT INTO `t_role_menu` VALUES ('1', '11');
INSERT INTO `t_role_menu` VALUES ('1', '12');
INSERT INTO `t_role_menu` VALUES ('1', '64');
INSERT INTO `t_role_menu` VALUES ('1', '13');
INSERT INTO `t_role_menu` VALUES ('1', '14');
INSERT INTO `t_role_menu` VALUES ('1', '65');
INSERT INTO `t_role_menu` VALUES ('1', '15');
INSERT INTO `t_role_menu` VALUES ('1', '16');
INSERT INTO `t_role_menu` VALUES ('1', '17');
INSERT INTO `t_role_menu` VALUES ('1', '18');
INSERT INTO `t_role_menu` VALUES ('1', '23');
INSERT INTO `t_role_menu` VALUES ('1', '81');
INSERT INTO `t_role_menu` VALUES ('1', '82');
INSERT INTO `t_role_menu` VALUES ('1', '83');
INSERT INTO `t_role_menu` VALUES ('1', '19');
INSERT INTO `t_role_menu` VALUES ('1', '24');
INSERT INTO `t_role_menu` VALUES ('1', '61');
INSERT INTO `t_role_menu` VALUES ('1', '101');
INSERT INTO `t_role_menu` VALUES ('1', '102');
INSERT INTO `t_role_menu` VALUES ('1', '103');
INSERT INTO `t_role_menu` VALUES ('1', '104');
INSERT INTO `t_role_menu` VALUES ('1', '105');
INSERT INTO `t_role_menu` VALUES ('1', '106');
INSERT INTO `t_role_menu` VALUES ('1', '107');
INSERT INTO `t_role_menu` VALUES ('1', '108');
INSERT INTO `t_role_menu` VALUES ('1', '109');
INSERT INTO `t_role_menu` VALUES ('1', '110');
INSERT INTO `t_role_menu` VALUES ('1', '113');
INSERT INTO `t_role_menu` VALUES ('1', '114');
INSERT INTO `t_role_menu` VALUES ('1', '115');
INSERT INTO `t_role_menu` VALUES ('1', '116');
INSERT INTO `t_role_menu` VALUES ('1', '117');
INSERT INTO `t_role_menu` VALUES ('1', '118');
INSERT INTO `t_role_menu` VALUES ('1', '123');
INSERT INTO `t_role_menu` VALUES ('1', '124');
INSERT INTO `t_role_menu` VALUES ('1', '127');
INSERT INTO `t_role_menu` VALUES ('1', '128');
INSERT INTO `t_role_menu` VALUES ('1', '129');
INSERT INTO `t_role_menu` VALUES ('1', '130');
INSERT INTO `t_role_menu` VALUES ('1', '126');
INSERT INTO `t_role_menu` VALUES ('1', '132');
INSERT INTO `t_role_menu` VALUES ('1', '131');
INSERT INTO `t_role_menu` VALUES ('1', '133');
INSERT INTO `t_role_menu` VALUES ('1', '125');
INSERT INTO `t_role_menu` VALUES ('1', '134');
INSERT INTO `t_role_menu` VALUES ('1', '135');
INSERT INTO `t_role_menu` VALUES ('6', '58');
INSERT INTO `t_role_menu` VALUES ('6', '59');
INSERT INTO `t_role_menu` VALUES ('6', '61');
INSERT INTO `t_role_menu` VALUES ('6', '81');
INSERT INTO `t_role_menu` VALUES ('6', '82');
INSERT INTO `t_role_menu` VALUES ('6', '83');
INSERT INTO `t_role_menu` VALUES ('4', '127');
INSERT INTO `t_role_menu` VALUES ('4', '128');
INSERT INTO `t_role_menu` VALUES ('4', '129');
INSERT INTO `t_role_menu` VALUES ('4', '130');
INSERT INTO `t_role_menu` VALUES ('4', '126');
INSERT INTO `t_role_menu` VALUES ('4', '133');
INSERT INTO `t_role_menu` VALUES ('4', '134');
INSERT INTO `t_role_menu` VALUES ('5', '125');
INSERT INTO `t_role_menu` VALUES ('5', '123');
INSERT INTO `t_role_menu` VALUES ('5', '124');
INSERT INTO `t_role_menu` VALUES ('5', '127');
INSERT INTO `t_role_menu` VALUES ('5', '128');
INSERT INTO `t_role_menu` VALUES ('5', '129');
INSERT INTO `t_role_menu` VALUES ('5', '130');
INSERT INTO `t_role_menu` VALUES ('5', '134');
INSERT INTO `t_role_menu` VALUES ('5', '131');
INSERT INTO `t_role_menu` VALUES ('5', '132');
INSERT INTO `t_role_menu` VALUES ('5', '135');

-- ----------------------------
-- Table structure for t_user
-- ----------------------------
DROP TABLE IF EXISTS `t_user`;
CREATE TABLE `t_user` (
  `USER_ID` bigint(20) NOT NULL AUTO_INCREMENT COMMENT '用户ID',
  `USERNAME` varchar(50) NOT NULL COMMENT '用户名',
  `PASSWORD` varchar(128) NOT NULL COMMENT '密码',
  `DEPT_ID` bigint(20) DEFAULT NULL COMMENT '部门ID',
  `EMAIL` varchar(128) DEFAULT NULL COMMENT '邮箱',
  `MOBILE` varchar(20) DEFAULT NULL COMMENT '联系电话',
  `STATUS` char(1) NOT NULL COMMENT '状态 0锁定 1有效',
  `CRATE_TIME` datetime NOT NULL COMMENT '创建时间',
  `MODIFY_TIME` datetime DEFAULT NULL COMMENT '修改时间',
  `LAST_LOGIN_TIME` datetime DEFAULT NULL COMMENT '最近访问时间',
  `SSEX` char(1) DEFAULT NULL COMMENT '性别 0男 1女',
  `THEME` varchar(10) DEFAULT NULL COMMENT '主题',
  `AVATAR` varchar(100) DEFAULT NULL COMMENT '头像',
  `DESCRIPTION` varchar(100) DEFAULT NULL COMMENT '描述',
  PRIMARY KEY (`USER_ID`)
) ENGINE=InnoDB AUTO_INCREMENT=178 DEFAULT CHARSET=utf8;

-- ----------------------------
-- Records of t_user
-- ----------------------------
INSERT INTO `t_user` VALUES ('1', 'alex', '$2a$10$WRUqPfZUAhRgwaiuBPE0XeUoPZKFgGTkRjaU04dHnL99leE4kBv1W', '9', 'alex@qq.com', '17788888888', '1', '2018-08-22 11:37:47', '2019-01-02 22:47:47', '2018-08-27 21:27:18', '2', 'orange', '20180414165834.jpg', '我是创始人');
INSERT INTO `t_user` VALUES ('2', 'scott', '$2a$10$vtf0gsIpFnzs3x9kA/2fW.oV41aAXFt4e4S0vBURGuFdLJ5F7xx2W', '10', 'scott@qq.com', '', '1', '2018-08-22 11:37:47', '2018-12-28 14:23:46', '2018-08-27 21:27:18', '1', 'red', '20180414170003.jpg', '');
INSERT INTO `t_user` VALUES ('171', 'test', '$2a$10$De8tCdXi8/BTeD14ntGk2u2iuw19e/6CSUliE89f0bGZUsdhQg8Da', '11', '123@qq.com', null, '1', '2018-12-12 14:50:58', '2018-12-28 14:23:52', null, '1', 'blue', '20180414165920.jpg', null);
INSERT INTO `t_user` VALUES ('172', '123456', '$2a$10$jHoezQgjDQVbWOpfDVKh6uwtd/IQ4mahdKrR1dRSN4wLuCN7yfCr6', '9', '', null, '1', '2018-12-28 11:30:14', '2019-01-02 21:11:09', null, '0', 'red', '20180414165840.jpg', null);
INSERT INTO `t_user` VALUES ('173', 'teacher', '$2a$10$S5J71tuKCaK.ySqGQRVlVOIoANfdREcKpHC3E5XPAMpVRpxKuZeSu', '7', '', null, '1', '2019-01-01 20:30:28', null, null, '2', 'orange', '20180414165942.jpg', null);
INSERT INTO `t_user` VALUES ('174', 'test111', '$2a$10$ESZa1gVRxlZ5TLs6y60SQe4yu8Pfzaro8KccT1RHgpKy4DkA.lmJe', '13', '', null, '1', '2019-01-02 20:57:43', null, null, '2', 'green', 'default.jpg', null);
INSERT INTO `t_user` VALUES ('175', 'student', '$2a$10$eOGUzDh31RoOdeUfjirkye9K0ZRXA.YGG..nNfl7LeQt7fwKQzB62', '9', '', null, '1', '2019-01-02 21:11:47', null, null, '1', 'purple', '20180414165846.jpg', null);

-- ----------------------------
-- Table structure for t_userconnection
-- ----------------------------
DROP TABLE IF EXISTS `t_userconnection`;
CREATE TABLE `t_userconnection` (
  `userId` varchar(255) NOT NULL,
  `providerId` varchar(255) NOT NULL,
  `providerUserId` varchar(255) NOT NULL,
  `rank` int(11) NOT NULL,
  `displayName` varchar(255) DEFAULT NULL,
  `profileUrl` varchar(512) DEFAULT NULL,
  `imageUrl` varchar(512) DEFAULT NULL,
  `accessToken` varchar(512) NOT NULL,
  `secret` varchar(512) DEFAULT NULL,
  `refreshToken` varchar(512) DEFAULT NULL,
  `expireTime` bigint(20) DEFAULT NULL,
  PRIMARY KEY (`userId`,`providerId`,`providerUserId`),
  UNIQUE KEY `UserConnectionRank` (`userId`,`providerId`,`rank`)
) ENGINE=InnoDB DEFAULT CHARSET=utf8;

-- ----------------------------
-- Records of t_userconnection
-- ----------------------------

-- ----------------------------
-- Table structure for t_user_role
-- ----------------------------
DROP TABLE IF EXISTS `t_user_role`;
CREATE TABLE `t_user_role` (
  `USER_ID` bigint(20) NOT NULL COMMENT '用户ID',
  `ROLE_ID` bigint(20) NOT NULL COMMENT '角色ID'
) ENGINE=InnoDB DEFAULT CHARSET=utf8;

-- ----------------------------
-- Records of t_user_role
-- ----------------------------
INSERT INTO `t_user_role` VALUES ('2', '2');
INSERT INTO `t_user_role` VALUES ('173', '5');
INSERT INTO `t_user_role` VALUES ('174', '6');
INSERT INTO `t_user_role` VALUES ('172', '4');
INSERT INTO `t_user_role` VALUES ('175', '4');
INSERT INTO `t_user_role` VALUES ('1', '1');
